wkn,ticker,valor,name,inception_date,age_in_days,age_in_years,strategy,domicile_country,currency,hedged,securities_lending,dividends,ter,replication,size,is_sustainable,number_of_holdings,yesterday,last_week,last_month,last_three_months,last_six_months,last_year,last_three_years,last_five_years,2025,2024,2023,2022,last_dividends,last_year_dividends,last_year_volatility,last_three_years_volatility,last_five_years_volatility,last_year_return_per_risk,last_three_years_return_per_risk,last_five_years_return_per_risk,max_drawdown,last_year_max_drawdown,last_three_years_max_drawdown,last_five_years_max_drawdown,region,country,region_category
A2AUD2,CMOP,34400611,Invesco Bloomberg Commodity UCITS ETF Acc,2017-01-09,3352,9.183561643835617,Long-only,Ireland,USD,False,False,Accumulating,0.19,Swap based Unfunded,3749,False,,25.51,3.08,18.04,25.7,34.78,29.84,33.41,90.04,7.33,6.6,-13.43,28.79,,,16.69,14.3,16.65,1.79,0.7,0.82,-31.41,-9.7,-14.95,-28.74,Global,Global,Global
A2DK6R,COMM,36082553,iShares Diversified Commodity Swap UCITS ETF,2017-07-18,3162,8.663013698630136,Long-only,Ireland,USD,False,True,Accumulating,0.19,Swap based Unfunded,1967,False,,25.51,3.05,18.12,25.72,34.85,30.12,33.87,91.0,7.64,6.8,-13.3,29.13,,,16.88,14.55,16.76,1.78,0.7,0.82,-28.47,-9.78,-14.78,-28.47,Global,Global,Global
A2JQ2G,ROLG,42800477,iShares Bloomberg Roll Select Commodity Swap UCITS ETF USD,2018-09-28,2725,7.465753424657534,Long-only,Ireland,USD,False,False,Accumulating,0.28,Swap based Unfunded,1952,False,,25.24,3.77,17.33,25.83,33.17,33.39,38.47,108.07,8.14,6.88,-8.61,31.59,,,17.11,14.78,16.44,1.95,0.77,0.96,-22.78,-9.4,-13.64,-20.12,Global,Global,Global
A0KRKR,COPA,,WisdomTree Copper,2006-09-27,7109,19.476712328767125,Long-only,Jersey,USD,False,False,Accumulating,0.49,Swap based,1577,False,,3.04,0.4,1.63,8.7,25.93,11.31,28.22,42.94,27.68,5.98,-2.61,-4.67,,,36.86,27.04,26.06,0.31,0.32,0.28,-58.63,-23.73,-23.73,-27.65,Global,Global,Global
LYX0Z2,COMG,42764189,Amundi Bloomberg Equal-weight Commodity ex-Agriculture UCITS ETF Acc,2006-01-26,7353,20.145205479452056,Long-only,Luxembourg,EUR,False,False,Accumulating,0.3,Swap based Unfunded,1575,False,,27.92,2.95,20.13,33.71,48.2,48.78,52.13,130.15,20.93,7.44,-17.55,36.6,,,21.49,17.38,18.47,2.27,0.86,0.98,-64.94,-11.77,-17.79,-30.4,Global,Global,Global
A0KRKU,CRUD,,WisdomTree WTI Crude Oil,2006-09-27,7109,19.476712328767125,Long-only,Jersey,USD,False,False,Accumulating,0.49,Swap based,1184,False,,63.68,11.03,50.21,63.18,53.42,47.94,50.63,155.82,-16.81,11.72,-7.93,45.09,,,35.14,31.19,34.24,1.36,0.47,0.6,-96.67,-21.53,-31.4,-37.53,Global,Global,Global
A1C79N,UC15,11926603,UBS CMCI Composite SF UCITS ETF USD acc,2010-12-20,5564,15.243835616438357,Long-only,Ireland,USD,False,False,Accumulating,0.34,Swap based,1180,False,,17.88,3.39,14.47,18.77,22.21,19.17,22.37,89.02,1.58,6.98,-7.32,30.73,,,13.11,12.57,14.64,1.46,0.55,0.93,-51.49,-9.26,-14.42,-17.08,Global,Global,Global
A0KRLD,AIGI,,WisdomTree Industrial Metals,2006-09-27,7109,19.476712328767125,Long-only,Jersey,USD,False,False,Accumulating,0.49,Swap based,1053,False,,7.35,0.35,5.51,12.65,22.28,11.85,10.62,39.51,11.69,3.96,-15.54,7.51,,,20.25,17.94,20.7,0.59,0.19,0.33,-59.4,-14.64,-21.61,-39.58,Global,Global,Global
A2N4PW,ENCG,112547249,L&G Multi-Strategy Enhanced Commodities UCITS ETF USD Accumulating,2021-07-05,1714,4.695890410958904,Long-only,Ireland,USD,False,False,Accumulating,0.3,Swap based Unfunded,996,False,,23.35,4.03,17.93,22.91,24.82,22.14,23.91,,0.0,6.33,-8.91,39.46,,,15.52,14.34,,1.43,0.52,,-26.44,-10.87,-17.32,,Global,Global,Global
A3EQNM,ECGH,127957144,L&G Multi-Strategy Enhanced Commodities UCITS ETF GBP Hedged Acc,2023-06-20,999,2.736986301369863,Long-only,Ireland,GBP,True,False,Accumulating,0.35,Swap based Unfunded,988,False,,21.45,3.11,15.02,21.9,21.78,24.41,,,7.07,4.09,,,,,15.56,,,1.57,,,-12.04,-11.13,,,Global,Global,Global
A1N49M,BRNT,,WisdomTree Brent Crude Oil,2012-01-09,5179,14.189041095890412,Long-only,Jersey,USD,False,False,Accumulating,0.49,Swap based,980,False,,72.82,10.17,55.54,71.98,62.33,58.93,60.07,195.95,-14.19,9.9,-7.87,56.37,,,35.82,30.86,33.65,1.65,0.55,0.72,-82.27,-20.82,-29.28,-33.37,Global,Global,Global
A2DQ7Z,UD07,36621183,UBS BBG Commodity CMCI SF UCITS ETF USD acc,2017-05-25,3216,8.810958904109588,Long-only,Ireland,USD,False,False,Accumulating,0.34,Swap based,728,False,,19.37,2.78,13.2,19.97,28.2,25.4,29.39,99.76,8.99,6.94,-11.6,32.39,,,14.31,12.57,15.62,1.78,0.71,0.95,-23.4,-8.72,-13.22,-23.4,Global,Global,Global
A1CXBU,CMFP,11167373,L&G Longer Dated All Commodities UCITS ETF,2010-03-18,5841,16.002739726027396,Long-only,Ireland,USD,False,False,Accumulating,0.3,Swap based Unfunded,710,False,,19.68,2.8,13.77,20.24,28.39,23.98,27.97,102.33,7.81,7.44,-12.33,33.54,,,14.81,13.06,15.36,1.62,0.66,0.98,-50.69,-9.23,-13.47,-23.88,Global,Global,Global
A2DMBF,BCCMS,36621184,UBS BBG Commodity CMCI SF UCITS ETF hCHF acc,2017-05-25,3216,8.810958904109588,Long-only,Ireland,CHF,True,False,Accumulating,0.34,Swap based,589,False,,17.59,4.11,8.49,16.8,25.78,33.14,30.7,94.19,19.61,-4.69,-7.13,27.22,,,16.1,14.29,16.75,2.06,0.65,0.85,-25.03,-7.69,-11.64,-19.75,Global,Global,Global
A1C79S,CCCHA,11926029,UBS CMCI Composite SF UCITS ETF hCHF acc,2011-02-08,5514,15.106849315068493,Long-only,Ireland,CHF,True,False,Accumulating,0.34,Swap based,444,False,,15.88,4.41,9.36,15.62,19.42,26.64,22.8,83.72,11.55,-4.57,-2.59,25.32,,,13.77,13.71,16.25,1.93,0.52,0.8,-62.24,-5.46,-10.9,-13.96,Global,Global,Global
A2DPAK,XAAG,36391095,Invesco Bloomberg Commodity ex-Agriculture UCITS ETF Acc,2017-05-22,3219,8.819178082191781,Long-only,Ireland,USD,False,False,Accumulating,0.19,Swap based Unfunded,415,False,,30.08,2.72,19.61,31.82,47.06,39.38,49.66,113.6,14.81,9.69,-17.6,31.76,,,22.08,18.09,19.98,1.78,0.79,0.82,-33.53,-12.13,-16.54,-33.53,Global,Global,Global
A2QSKH,COMX,115184075,WisdomTree Broad Commodities UCITS ETF USD Unhedged Acc,2021-11-29,1567,4.293150684931507,Long-only,Ireland,USD,False,False,Accumulating,0.19,Physical & Synthetic,362,False,,25.18,2.91,17.94,25.71,35.02,30.19,34.11,,7.86,6.96,-13.32,29.17,,,16.26,14.14,,1.86,0.73,,-28.52,-9.45,-14.84,,Global,Global,Global
DBX0DZ,XBCU,11068625,Xtrackers Bloomberg Commodity ex-Agriculture & Livestock Swap UCITS ETF 2C,2010-04-09,5819,15.942465753424658,Long-only,Luxembourg,USD,False,False,Accumulating,0.29,Swap based Unfunded,356,False,,22.49,2.76,14.69,25.38,41.6,34.27,43.7,130.16,17.35,10.18,-15.46,36.04,,,22.07,17.33,18.67,1.55,0.74,0.97,-51.84,-11.51,-15.35,-27.31,Global,Global,Global
A1C79Q,CCEUAS,11925970,UBS CMCI Composite SF UCITS ETF hEUR acc,2011-02-08,5514,15.106849315068493,Long-only,Ireland,EUR,True,False,Accumulating,0.34,Swap based,316,False,,12.99,3.9,7.97,12.59,16.89,21.45,20.67,61.43,12.92,-1.36,-6.4,19.52,,,12.97,13.44,15.72,1.65,0.48,0.64,-65.05,-7.23,-13.35,-19.22,Global,Global,Global
A3GWVP,NRGT,,WisdomTree Energy Transition Metals,2022-03-03,1473,4.035616438356165,Long-only,Ireland,USD,False,False,Accumulating,0.45,Swap based,303,False,,9.53,-0.76,5.85,16.33,33.16,28.63,28.87,,27.71,4.2,-18.97,,,,23.0,18.88,,1.25,0.47,,-31.8,-15.28,-20.68,,Global,Global,Global
A0H072,CMSE,2736544,iShares Diversified Commodity Swap UCITS ETF (DE),2007-08-07,6795,18.616438356164384,Long-only,Germany,EUR,False,False,Accumulating,0.46,Swap based Unfunded,278,False,,22.24,3.1,17.77,25.32,34.22,29.19,31.21,86.39,9.45,5.75,-13.74,28.19,,,15.74,13.61,16.18,1.85,0.7,0.82,-62.51,-9.6,-15.3,-29.28,Global,Global,Global
A3CNQ1,EXAG,112586103,WisdomTree Enhanced Commodity ex-Agriculture UCITS ETF EUR Hedged Acc,2021-07-12,1707,4.676712328767123,Long-only,Ireland,EUR,True,False,Accumulating,0.6,Swap based Unfunded,275,False,,20.62,1.23,13.78,25.81,37.78,55.31,47.95,,36.62,-3.73,-12.81,18.71,,,22.73,19.14,,2.43,0.73,,-29.02,-13.43,-15.59,,Global,Global,Global
A2AE1P,WCOB,32440030,WisdomTree Enhanced Commodity UCITS ETF USD Acc,2016-04-27,3609,9.887671232876713,Long-only,Ireland,USD,False,False,Accumulating,0.7,Swap based Unfunded,206,False,,27.85,3.42,18.93,28.88,35.3,33.95,32.62,90.26,7.0,5.21,-12.71,26.87,,,15.71,13.39,15.33,2.16,0.74,0.9,-27.3,-8.27,-13.7,-27.3,Global,Global,Global
A0KRK8,AIGA,,WisdomTree Agriculture,2006-09-27,7109,19.476712328767125,Long-only,Jersey,USD,False,False,Accumulating,0.49,Swap based,186,False,,8.74,1.72,9.49,5.35,5.58,-1.66,-12.89,28.88,-9.94,-3.4,-10.71,27.85,,,13.89,15.15,18.11,-0.12,-0.3,0.29,-57.21,-13.11,-25.93,-32.91,Global,Global,Global
A2DQ7M,BCOG,37470964,L&G All Commodities UCITS ETF,2017-07-11,3169,8.682191780821919,Long-only,Ireland,USD,False,False,Accumulating,0.15,Swap based Unfunded,173,False,,25.46,3.1,18.14,25.78,34.95,29.92,33.99,93.29,7.57,6.73,-13.12,29.83,,,16.84,14.34,16.62,1.78,0.71,0.85,-28.35,-9.69,-14.89,-28.02,Global,Global,Global
A141AP,CXAP,30034512,UBS CMCI ex-Agriculture SF UCITS ETF USD acc,2016-03-24,3643,9.98082191780822,Long-only,Ireland,USD,False,False,Accumulating,0.34,Swap based,163,False,,20.72,2.91,14.33,23.73,31.99,28.78,33.85,101.68,10.38,8.34,-11.01,28.13,,,15.27,14.07,16.32,1.89,0.72,0.92,-31.78,-10.29,-15.52,-21.32,Global,Global,Global
A3G8J6,NGSP,,WisdomTree Natural Gas,2006-09-27,7109,19.476712328767125,Long-only,Jersey,USD,False,False,Accumulating,0.49,Swap based,135,False,,5.9,-1.06,4.01,-3.11,-0.21,-42.42,-70.55,-70.67,-29.89,-26.0,-67.75,31.67,,,63.13,56.3,61.78,-0.67,-0.59,-0.35,-99.87,-55.28,-76.48,-93.82,Global,Global,Global
DBX1LC,XDBC,3067435,Xtrackers Bloomberg Commodity ex-Agriculture & Livestock Swap UCITS ETF 1C EUR Hedged,2007-06-29,6834,18.723287671232878,Long-only,Luxembourg,EUR,True,False,Accumulating,0.39,Swap based Unfunded,131,False,,19.05,1.59,10.93,21.74,36.82,38.4,43.55,97.04,30.08,1.51,-14.97,24.03,,,20.65,17.77,20.64,1.86,0.72,0.7,-71.04,-10.53,-15.55,-30.61,Global,Global,Global
A0KRK1,NICK,,WisdomTree Nickel,2006-09-27,7109,19.476712328767125,Long-only,Jersey,USD,False,False,Accumulating,0.49,Swap based,126,False,,5.22,-0.09,4.74,19.44,13.76,0.26,-35.12,6.49,-1.09,-8.0,-48.34,61.88,,,23.91,25.38,45.02,0.01,-0.53,0.03,-83.36,-18.24,-50.71,-72.9,Global,Global,Global
A4A5X2,WCRV,,WisdomTree Enhanced Commodity Carry,2025-04-24,325,0.8904109589041096,Long-only,Ireland,USD,False,False,Accumulating,0.34,Swap based,125,False,,-19.97,-0.25,-15.42,-19.07,-19.52,,,,,,,,,,,,,,,,-23.48,,,,Global,Global,Global
A1NZLB,00XL,,WisdomTree Copper - EUR Daily Hedged,2012-05-15,5052,13.841095890410958,Long-only,Jersey,EUR,True,False,Accumulating,0.49,Swap based,125,False,,-0.13,-0.63,-2.23,5.33,21.35,14.16,26.81,20.8,40.0,-2.59,-1.86,-12.83,,,37.62,27.87,27.01,0.38,0.3,0.14,-59.49,-25.39,-25.39,-36.34,Global,Global,Global
A1C79W,DCUSAS,11926045,UBS BBG Commodity Index SF UCITS ETF USD acc,2011-02-01,5521,15.126027397260273,Long-only,Ireland,USD,False,False,Accumulating,0.19,Swap based,112,False,,21.68,5.8,13.59,20.43,31.51,26.56,30.3,88.71,7.89,6.94,-13.03,29.94,,,16.09,14.02,16.46,1.65,0.66,0.82,-55.86,-9.6,-14.83,-27.88,Global,Global,Global
A2JN3K,CMOE,42275462,Invesco Bloomberg Commodity UCITS ETF EUR hedged Acc,2018-08-16,2768,7.583561643835616,Long-only,Ireland,EUR,True,False,Accumulating,0.24,Swap based Unfunded,112,False,,21.57,1.7,13.73,21.73,29.88,33.39,33.17,64.95,19.0,-1.87,-12.52,18.28,,,17.17,15.26,17.58,1.95,0.66,0.6,-34.53,-7.78,-14.6,-30.46,Global,Global,Global
LYX0XU,C099,46000753,Amundi Bloomberg Equal-weight Commodity ex-Agriculture UCITS ETF EUR Hedged Acc,2018-12-11,2651,7.263013698630137,Long-only,Luxembourg,EUR,True,False,Accumulating,0.35,Swap based Unfunded,112,False,,24.21,1.72,16.08,29.7,43.08,53.51,51.85,98.64,34.02,-1.18,-17.0,25.5,,,21.43,17.9,18.73,2.5,0.83,0.79,-44.33,-12.73,-16.94,-32.82,Global,Global,Global
A3G8J7,WEAP,,WisdomTree Wheat,2006-09-27,7109,19.476712328767125,Long-only,Jersey,USD,False,False,Accumulating,0.49,Swap based,106,False,,21.25,-0.13,14.81,15.59,15.67,-4.72,-98.69,-34.85,-23.6,-18.81,-31.58,7.34,,,23.21,22022.3,23407.75,-0.2,0.0,0.0,-99.41,-22.49,-98.95,-99.41,Global,Global,Global
A2JEEZ,UD06,40538348,UBS BBG Commodity CMCI SF UCITS ETF hGBP acc,2018-03-01,2936,8.043835616438356,Long-only,Ireland,GBP,True,False,Accumulating,0.34,Swap based,105,False,,17.57,2.12,10.39,18.99,25.25,28.24,39.36,84.13,16.97,4.59,-7.17,16.17,,,14.89,13.67,16.56,1.9,0.86,0.78,-32.98,-9.09,-10.56,-23.12,Global,Global,Global
A0KRK9,AIGC,,WisdomTree Broad Commodities,2006-09-27,7109,19.476712328767125,Long-only,Jersey,USD,False,False,Accumulating,0.49,Swap based,104,False,,25.42,2.94,17.96,25.82,34.2,29.38,31.38,85.49,6.76,5.59,-13.48,28.4,,,16.9,14.44,16.89,1.74,0.66,0.78,-61.75,-9.82,-15.19,-29.51,Global,Global,Global
A41NHZ,WENP,,WisdomTree Strategic Metals UCITS ETF GBP Hedged Dist,2025-11-25,110,0.3013698630136986,Long-only,Ireland,GBP,True,False,Distributing,0.55,Swap based Unfunded,103,True,,7.36,-1.61,2.86,14.82,,,,,,,,,,,,,,,,,-16.28,,,,Global,Global,Global
A2AE1N,WCOG,32439964,WisdomTree Enhanced Commodity UCITS ETF USD,2016-04-27,3609,9.887671232876713,Long-only,Ireland,USD,False,False,Distributing,0.35,Swap based Unfunded,96,False,,27.96,3.46,19.01,28.91,35.43,34.12,32.52,90.3,7.0,5.06,-12.64,26.81,2.77,3.58,15.25,13.21,15.44,2.24,0.74,0.89,-27.27,-8.28,-13.64,-27.27,Global,Global,Global
A0KRKP,ALUM,,WisdomTree Aluminium,2006-09-27,7109,19.476712328767125,Long-only,Jersey,USD,False,False,Accumulating,0.49,Swap based,92,False,,17.87,0.88,15.88,22.5,31.92,26.1,30.92,55.2,9.81,6.43,-8.12,-6.23,,,17.35,19.07,22.54,1.5,0.49,0.41,-67.82,-15.44,-21.6,-44.69,Global,Global,Global
A0KRLA,AIGE,,WisdomTree Energy,2006-09-27,7109,19.476712328767125,Long-only,Jersey,USD,False,False,Accumulating,0.49,Swap based,91,False,,55.93,7.92,43.75,52.07,47.79,27.78,16.83,86.8,-16.61,-0.35,-23.86,52.87,,,35.35,29.56,32.44,0.79,0.18,0.41,-94.47,-24.5,-37.36,-56.49,Global,Global,Global
A3GTR6,CARP,,WisdomTree Carbon,2021-08-18,1670,4.575342465753424,Long-only,Jersey,EUR,False,False,Accumulating,0.35,Swap based,91,False,,-21.19,-1.98,-2.58,-20.29,-10.4,-0.11,-32.69,,24.38,-13.49,-8.33,4.66,,,26.66,31.54,,0.0,-0.39,,-50.5,-25.8,-49.11,,Global,Global,Global
A3GSS6,CO2P,,HANetf SparkChange Physical Carbon EUA ETC,2021-10-18,1609,4.4082191780821915,Long-only,Ireland,EUR,False,False,Accumulating,0.89,Physically backed,90,False,,-21.41,-2.53,-3.25,-20.55,-10.67,0.12,-31.6,,26.9,-14.38,-7.1,6.12,,,26.51,31.25,,0.0,-0.38,,-49.94,-25.81,-48.65,,Global,Global,Global
A40V3V,WENH,,WisdomTree Strategic Metals UCITS ETF EUR Hedged Acc,2025-01-07,432,1.1835616438356165,Long-only,Ireland,EUR,True,False,Accumulating,0.55,Swap based Unfunded,87,True,,6.26,-1.69,2.17,12.72,28.2,32.07,,,,,,,,,35.51,,,0.9,,,-15.61,-15.61,,,Global,Global,Global
A2AHR3,CCXAS,32132316,UBS CMCI ex-Agriculture SF UCITS ETF hCHF acc,2016-05-04,3602,9.868493150684932,Long-only,Ireland,CHF,True,False,Accumulating,0.34,Swap based,80,False,,19.06,3.92,9.0,20.37,29.4,37.43,35.83,96.06,21.26,-3.39,-6.47,22.51,,,16.53,15.64,18.26,2.26,0.69,0.79,-34.41,-7.96,-12.28,-21.94,Global,Global,Global
A1C790,DCCHAS,11926022,UBS BBG Commodity Index SF UCITS ETF hCHF acc,2011-04-06,5457,14.95068493150685,Long-only,Ireland,CHF,True,False,Accumulating,0.19,Swap based,70,False,,22.4,5.74,12.19,21.05,31.1,36.65,34.73,87.33,18.25,-4.72,-8.66,24.96,,,17.77,15.53,18.25,2.06,0.67,0.73,-67.89,-8.24,-13.13,-24.66,Global,Global,Global
A404HN,XAGZ,133403571,L&G Multi-Strategy Enhanced Commodities ex-Agriculture & Livestock UCITS ETF USD Accumulating,2024-04-25,689,1.8876712328767122,Long-only,Ireland,USD,False,False,Accumulating,0.3,Swap based Unfunded,64,False,,26.92,3.41,17.61,28.82,40.25,36.5,,,12.18,,,,,,18.78,,,1.94,,,-14.6,-10.61,,,Global,Global,Global
A3EG40,CMCG,127381392,Invesco Bloomberg Commodity Carbon Tilted UCITS ETF,2023-07-26,963,2.638356164383562,Long-only,Ireland,USD,False,False,Accumulating,0.35,Swap based Unfunded,60,True,,28.19,3.19,19.26,30.49,41.95,37.26,,,9.4,5.06,,,,,17.7,,,2.11,,,-15.61,-9.74,,,Global,Global,Global
A0JK68,RICI,2503175,Market Access Rogers International Commodity UCITS ETF,2006-05-08,7251,19.865753424657534,Long-only,Luxembourg,EUR,False,False,Accumulating,0.6,Swap based Unfunded,56,False,,28.82,4.3,22.03,29.79,33.05,27.54,28.82,96.55,-1.97,7.07,-11.22,32.54,,,18.2,15.63,17.62,1.51,0.56,0.82,-65.19,-11.65,-16.38,-26.48,Global,Global,Global
A3CZJN,WXAG,114176295,WisdomTree Enhanced Commodity ex-Agriculture UCITS ETF USD Acc,2021-10-06,1621,4.441095890410959,Long-only,Ireland,USD,False,False,Accumulating,0.6,Swap based Unfunded,54,False,,24.46,2.46,18.04,29.99,43.13,50.99,48.54,,23.21,4.67,-13.45,29.96,,,22.26,17.88,,2.29,0.79,,-25.3,-12.63,-16.27,,Global,Global,Global
A40MTP,ECGD,,L&G Multi-Strategy Enhanced Commodities UCITS ETF GBP Hedged Dist,2024-08-16,576,1.5780821917808219,Long-only,Ireland,GBP,True,False,Distributing,0.3,Swap based Unfunded,54,False,,20.63,2.45,14.16,21.08,20.07,20.52,,,4.52,,,,0.0,0.0,15.56,,,1.32,,,-11.63,-11.02,,,Global,Global,Global
A2DQ70,BCFE,36621185,UBS BBG Commodity CMCI SF UCITS ETF hEUR acc,2017-05-25,3216,8.810958904109588,Long-only,Ireland,EUR,True,False,Accumulating,0.34,Swap based,52,False,,16.0,1.7,9.4,16.6,24.03,29.59,30.03,72.84,21.19,-1.6,-10.7,21.23,,,15.0,13.8,16.16,1.97,0.66,0.72,-31.39,-7.13,-12.86,-24.89,Global,Global,Global
A1NZLC,00XM,,WisdomTree WTI Crude Oil - EUR Daily Hedged,2012-03-15,5113,14.008219178082191,Long-only,Jersey,EUR,True,False,Accumulating,0.49,Swap based,46,False,,66.02,8.23,50.66,65.22,56.16,63.64,63.64,120.65,-5.94,5.29,-7.56,26.4,,,36.51,32.35,35.8,1.74,0.55,0.48,-93.88,-18.11,-29.12,-40.72,Global,Global,Global
A2N4VS,WCOM,43058442,WisdomTree Enhanced Commodity UCITS ETF GBP Hedged Acc,2018-08-14,2770,7.589041095890411,Long-only,Ireland,GBP,True,False,Accumulating,0.35,Swap based Unfunded,44,False,,25.98,2.54,15.92,27.89,32.36,37.25,42.96,75.69,14.71,3.05,-8.24,11.3,,,14.99,13.8,16.51,2.49,0.92,0.72,-28.49,-8.52,-10.07,-26.3,Global,Global,Global
A3EGUZ,BATJ,126567428,L&G Multi-Strategy Enhanced Commodities UCITS ETF EUR Hedged Acc,2023-08-18,940,2.5753424657534247,Long-only,Ireland,EUR,True,False,Accumulating,0.35,Swap based Unfunded,44,False,,19.76,2.76,13.94,19.23,20.69,25.76,,,10.82,-1.69,,,,,15.48,,,1.66,,,-15.11,-8.99,,,Global,Global,Global
A409RZ,ENCD,,L&G Multi-Strategy Enhanced Commodities UCITS ETF USD Distributing,2024-03-26,719,1.9698630136986301,Long-only,Ireland,USD,False,False,Distributing,0.3,Swap based Unfunded,41,False,,22.03,3.08,16.82,21.53,21.86,16.22,,,-3.78,,,,0.0,0.0,15.62,,,1.04,,,-15.31,-11.78,,,Global,Global,Global
A1ELLY,COCO,,WisdomTree Cocoa,2009-11-09,5970,16.356164383561644,Long-only,Jersey,USD,False,False,Accumulating,0.49,Swap based,40,False,,-46.12,1.96,-8.35,-48.2,-56.29,-56.92,94.86,102.43,-43.75,318.24,58.94,8.38,,,51.3,50.84,42.09,-1.11,0.49,0.36,-75.82,-71.59,-75.82,-75.82,Global,Global,Global
A3G8J4,CORN,,WisdomTree Corn,2006-09-27,7109,19.476712328767125,Long-only,Jersey,USD,False,False,Accumulating,0.49,Swap based,37,False,,5.64,1.65,8.27,5.04,6.25,-8.93,-33.68,0.34,-16.96,-10.6,-96.52,2883.25,,,18.87,10408.39,12499.42,-0.47,0.0,0.0,-97.9,-24.53,-97.62,-97.9,Global,Global,Global
A1C79Y,DCEUAS,11925964,UBS BBG Commodity Index SF UCITS ETF hEUR acc,2011-04-06,5457,14.95068493150685,Long-only,Ireland,EUR,True,False,Accumulating,0.19,Swap based,37,False,,19.47,5.22,10.82,18.02,28.52,31.26,32.67,65.01,19.75,-1.46,-12.21,19.35,,,16.76,15.08,17.56,1.87,0.65,0.6,-71.09,-7.69,-14.14,-29.51,Global,Global,Global
A4A5UR,SRUF,,HANetf Sprott Physical Uranium ETC,2025-02-27,381,1.0438356164383562,Long-only,Jersey,USD,False,False,Accumulating,0.55,Physically backed,36,False,,6.8,4.34,0.13,15.1,18.83,45.01,,,,,,,,,38.81,,,1.16,,,-14.68,-14.68,,,Global,Global,Global
A1N3G0,00XT,,WisdomTree Brent Crude Oil - EUR Daily Hedged,2012-07-06,5000,13.698630136986301,Long-only,Jersey,EUR,True,False,Accumulating,0.49,Swap based,33,False,,55.03,11.78,39.91,53.48,43.82,48.32,43.82,117.25,-8.08,0.23,-5.05,35.82,,,30.33,27.63,31.2,1.59,0.47,0.54,-87.01,-16.44,-26.68,-33.99,Global,Global,Global
A2AHR4,UIQ1,32132319,UBS CMCI ex-Agriculture SF UCITS ETF hEUR acc,2016-05-04,3602,9.868493150684932,Long-only,Ireland,EUR,True,False,Accumulating,0.34,Swap based,31,False,,17.34,1.79,10.5,20.17,27.63,33.25,34.74,74.07,22.72,-0.17,-10.12,16.84,,,15.81,15.39,17.89,2.1,0.68,0.66,-40.06,-8.99,-14.79,-24.85,Global,Global,Global
A3G8J3,COFF,,WisdomTree Coffee,2006-09-27,7109,19.476712328767125,Long-only,Jersey,USD,False,False,Accumulating,0.49,Swap based,30,False,,-15.58,-2.41,-1.93,-20.66,-19.97,-17.32,103.77,208.2,18.05,88.0,16.33,-13.81,,,34.86,34.54,35.19,-0.5,0.77,0.72,-84.46,-32.72,-38.57,-43.65,Global,Global,Global
A179AH,BRNB,,WisdomTree Bloomberg Brent Crude Oil,2015-04-09,3993,10.93972602739726,Long-only,Ireland,USD,False,False,Accumulating,0.25,Swap based,24,False,,72.97,10.19,55.64,72.23,62.77,59.84,63.21,204.96,-13.71,10.48,-7.03,57.34,,,35.96,30.8,33.66,1.66,0.58,0.74,-71.23,-20.82,-28.75,-32.01,Global,Global,Global
A0KRLC,AIGG,,WisdomTree Grains,2006-09-27,7109,19.476712328767125,Long-only,Jersey,USD,False,False,Accumulating,0.49,Swap based,21,False,,14.46,1.47,10.8,11.24,13.06,1.84,-26.91,2.59,-13.88,-15.62,-18.58,30.67,,,16.87,19.11,22.27,0.11,-0.52,0.02,-63.65,-14.13,-41.91,-50.62,Global,Global,Global
A40NNX,NRUC,,WisdomTree Strategic Metals UCITS ETF USD Acc,2025-01-07,432,1.1835616438356165,Long-only,Ireland,USD,False,False,Accumulating,0.55,Swap based Unfunded,20,True,,9.54,-0.72,5.86,16.24,32.93,28.74,,,,,,,,,24.66,,,1.17,,,-14.82,-14.82,,,Global,Global,Global
A4AH3A,EGAS,,WisdomTree European Natural Gas ETC,2024-09-10,551,1.5095890410958903,Long-only,Ireland,EUR,False,False,Accumulating,0.49,Swap based,20,False,,96.06,-4.34,64.61,99.8,63.97,25.91,,,-44.02,,,,,,64.94,,,0.4,,,-55.67,-41.5,,,Global,Global,Global
A0KRK4,SOYB,,WisdomTree Soybeans,2006-09-27,7109,19.476712328767125,Long-only,Jersey,USD,False,False,Accumulating,0.49,Swap based,18,False,,17.86,2.7,9.73,13.05,16.63,18.29,-11.06,27.28,-3.59,-19.02,-5.1,42.07,,,16.47,18.72,21.06,1.11,-0.2,0.23,-40.49,-12.72,-33.35,-33.35,Global,Global,Global
A0KRK5,SUGA,,WisdomTree Sugar,2006-09-27,7109,19.476712328767125,Long-only,Jersey,USD,False,False,Accumulating,0.49,Swap based,17,False,,0.14,2.37,9.39,-0.94,-7.79,-27.25,-21.75,23.78,-23.49,2.02,11.12,23.72,,,23.65,26.51,25.65,-1.15,-0.3,0.17,-78.97,-36.16,-48.93,-48.93,Global,Global,Global
A2JQ0F,WTEH,43294298,WisdomTree Enhanced Commodity UCITS ETF EUR Hedged Acc,2018-08-14,2770,7.589041095890411,Long-only,Ireland,EUR,True,False,Accumulating,0.35,Swap based Unfunded,16,False,,24.28,2.09,14.82,25.13,31.07,38.51,33.09,64.49,18.63,-3.03,-11.8,15.98,,,14.87,13.78,16.05,2.59,0.72,0.65,-28.4,-6.73,-14.26,-28.4,Global,Global,Global
A1PCKA,00X0,,WisdomTree Industrial Metals - EUR Daily Hedged,2012-07-06,5000,13.698630136986301,Long-only,Jersey,USD,True,False,Accumulating,0.49,Swap based,15,False,,3.85,-0.86,1.5,9.16,17.9,14.89,9.76,18.94,23.22,-4.38,-14.91,-1.27,,,21.11,18.72,21.61,0.71,0.17,0.16,-57.98,-13.46,-22.19,-43.41,Global,Global,Global
A18C5F,WTIB,,WisdomTree Bloomberg WTI Crude Oil,2015-04-09,3993,10.93972602739726,Long-only,Ireland,USD,False,False,Accumulating,0.25,Swap based,15,False,,71.17,9.61,56.68,70.77,62.23,59.45,66.24,160.7,-14.81,14.79,-7.96,38.64,,,38.46,33.36,36.29,1.55,0.55,0.58,-86.7,-21.63,-32.07,-39.26,Global,Global,Global
A3ERXK,ECCH,126353002,L&G Multi-Strategy Enhanced Commodities UCITS ETF CHF Hedged Acc,2023-08-18,940,2.5753424657534247,Long-only,Ireland,CHF,True,False,Accumulating,0.35,Swap based Unfunded,15,False,,19.06,4.49,10.29,18.55,19.98,27.24,,,9.42,-4.98,,,,,15.9,,,1.71,,,-15.36,-6.78,,,Global,Global,Global
DBX0CZ,XCBE,10362077,Xtrackers Bloomberg Commodity Swap UCITS ETF 2C EUR Hedged,2009-07-09,6093,16.693150684931506,Long-only,Luxembourg,EUR,True,False,Accumulating,0.24,Swap based Unfunded,14,False,,16.47,1.57,9.98,16.94,24.39,28.51,29.65,76.61,20.08,-0.6,-11.39,22.28,,,15.52,14.24,16.51,1.84,0.63,0.73,-68.46,-7.6,-13.1,-25.85,Global,Global,Global
A1C79U,UC90,11926049,UBS CMCI Composite SF UCITS ETF hGBP acc,2015-03-05,4028,11.035616438356165,Long-only,Ireland,GBP,True,False,Accumulating,0.34,Swap based,14,False,,14.46,4.75,8.82,14.41,18.0,20.87,29.33,71.64,9.05,4.75,-2.71,14.74,,,13.23,13.26,16.77,1.58,0.67,0.68,-41.55,-9.32,-11.83,-18.89,Global,Global,Global
A0KRK7,ZINC,,WisdomTree Zinc,2006-09-27,7109,19.476712328767125,Long-only,Jersey,USD,False,False,Accumulating,0.49,Swap based,13,False,,7.27,0.24,1.08,6.59,16.81,12.43,7.0,35.21,0.51,12.72,-12.74,-1.25,,,18.59,22.27,24.5,0.67,0.1,0.25,-70.72,-16.0,-25.19,-44.48,Global,Global,Global
A0KRLF,AIGO,,WisdomTree Petroleum,2006-09-27,7109,19.476712328767125,Long-only,Jersey,USD,False,False,Accumulating,0.49,Swap based,12,False,,72.2,10.05,56.41,70.46,63.13,63.7,66.95,207.71,-11.58,9.65,-7.18,60.91,,,34.93,30.43,33.33,1.82,0.61,0.76,-91.81,-19.61,-30.24,-34.63,Global,Global,Global
A1NZLE,00XP,,WisdomTree Natural Gas - EUR Daily Hedged,2012-07-06,5000,13.698630136986301,Long-only,Jersey,EUR,True,False,Accumulating,0.49,Swap based,10,False,,5.26,0.0,0.0,-4.76,-4.76,-41.18,-70.15,-74.36,-24.0,-32.43,-66.96,21.74,,,69.42,61.45,64.49,-0.59,-0.54,-0.37,-98.52,-52.94,-76.12,-93.42,Global,Global,Global
A3ECML,ETRA,126352961,L&G New Energy Commodities UCITS ETF USD Acc,2024-04-17,697,1.9095890410958904,Long-only,Ireland,USD,False,False,Accumulating,0.65,Swap based Unfunded,10,True,,12.04,-0.28,9.95,17.63,28.76,25.71,,,17.93,,,,,,14.91,,,1.72,,,-15.51,-10.13,,,Global,Global,Global
A0KRKT,COTN,,WisdomTree Cotton,2006-09-27,7109,19.476712328767125,Long-only,Jersey,USD,False,False,Accumulating,0.49,Swap based,10,False,,1.22,3.11,5.73,1.84,-3.49,-10.27,-31.12,-9.78,-17.17,-16.1,-5.22,2.47,,,17.03,21.29,27.33,-0.6,-0.55,-0.07,-64.05,-18.85,-47.46,-58.11,Global,Global,Global
DBX0AA,XCMC,114426579,Xtrackers Bloomberg Commodity Swap UCITS ETF 1C,2021-11-03,1593,4.364383561643836,Long-only,Luxembourg,USD,False,False,Accumulating,0.19,Swap based Unfunded,9,False,,19.7,2.9,13.71,20.47,28.65,24.56,29.38,,8.46,7.63,-12.11,33.86,,,14.83,13.04,,1.66,0.69,,-23.49,-9.15,-13.36,,Global,Global,Global
A4A5Z2,KRBP,,KraneShares Global Carbon Strategy ETC,2024-10-03,528,1.4465753424657535,Long-only,Ireland,USD,False,False,Accumulating,0.78,Physically backed,8,False,,-17.77,-1.6,-1.5,-16.29,-9.54,-0.21,,,16.47,,,,,,20.15,,,-0.01,,,-21.34,-21.34,,,Global,Global,Global
A2P0YZ,COMS,50928903,WisdomTree Enhanced Commodity UCITS ETF CHF Hedged Acc,2019-12-06,2291,6.276712328767124,Long-only,Ireland,CHF,True,False,Accumulating,0.7,Swap based Unfunded,7,False,,25.2,5.32,12.97,24.8,32.19,41.64,32.53,83.45,17.11,-6.33,-8.12,21.82,,,15.69,14.26,16.68,2.65,0.69,0.77,-23.19,-7.29,-12.87,-23.19,Global,Global,Global
A0KRKV,UGAS,,WisdomTree Gasoline,2006-09-27,7109,19.476712328767125,Long-only,Jersey,USD,False,False,Accumulating,0.49,Swap based,7,False,,55.39,10.23,41.6,51.79,45.75,47.22,52.2,198.9,-11.89,7.78,0.08,63.9,,,29.75,29.17,33.07,1.59,0.51,0.74,-83.35,-15.84,-27.34,-33.33,Global,Global,Global
A3G4JY,WCCP,,WisdomTree California Carbon,2023-04-14,1066,2.9205479452054797,Long-only,Jersey,USD,False,False,Accumulating,0.49,Swap based,7,False,,-10.91,-1.49,-0.31,-8.84,-11.28,-8.84,,,-17.44,-14.21,,,,,19.98,,,-0.44,,,-44.05,-19.16,,,Global,Global,Global
A2HH1S,META,,WisdomTree Industrial Metals Enhanced,2019-02-27,2573,7.049315068493151,Long-only,Ireland,USD,False,False,Accumulating,0.4,Swap based,6,False,,4.92,-1.01,2.49,10.59,18.22,11.64,7.96,42.79,9.37,4.44,-12.0,10.93,,,14.54,14.54,18.37,0.8,0.18,0.4,-33.73,-12.11,-20.62,-33.73,Global,Global,Global
A0KRKX,HEAT,,WisdomTree Heating Oil,2006-09-27,7109,19.476712328767125,Long-only,Jersey,USD,False,False,Accumulating,0.49,Swap based,6,False,,87.64,12.61,67.86,81.63,81.53,96.18,93.48,340.46,-0.69,0.23,-9.7,114.91,,,37.41,32.04,36.29,2.57,0.77,0.95,-85.94,-21.89,-31.91,-40.23,Global,Global,Global
DBX0D0,XDBG,11068627,Xtrackers Bloomberg Commodity ex-Agriculture & Livestock Swap UCITS ETF 3C GBP Hedged,2011-02-09,5513,15.104109589041096,Long-only,Luxembourg,GBP,True,False,Accumulating,0.39,Swap based Unfunded,6,False,,20.47,1.77,11.63,24.15,37.95,36.59,53.77,108.08,25.52,7.93,-11.62,18.0,,,20.62,17.57,20.04,1.77,0.88,0.79,-65.38,-12.64,-13.01,-29.98,Global,Global,Global
A1NZLH,00XS,,WisdomTree Wheat - EUR Daily Hedged,2012-07-06,5000,13.698630136986301,Long-only,Jersey,EUR,True,False,Accumulating,0.49,Swap based,6,False,,17.53,-1.09,11.04,12.42,11.73,-1.63,-39.26,-42.72,-15.38,-25.1,-30.57,0.0,,,22.66,28.27,32.24,-0.07,-0.54,-0.33,-84.63,-19.15,-51.44,-73.66,Global,Global,Global
A1RX1N,XFRM,,WisdomTree Broad Commodities Ex-Agriculture and Livestock,2012-11-29,4854,13.2986301369863,Long-only,Jersey,USD,False,False,Accumulating,0.49,Swap based,5,False,,35.53,3.94,23.19,37.77,51.63,46.57,56.58,119.25,14.17,8.37,-15.11,29.6,,,22.18,18.14,20.59,2.1,0.89,0.83,-52.34,-11.38,-15.51,-33.55,Global,Global,Global
A1C792,DCGBAS,11926038,UBS BBG Commodity Index SF UCITS ETF hGBP acc,2011-04-06,5457,14.95068493150685,Long-only,Ireland,GBP,True,False,Accumulating,0.19,Swap based,5,False,,21.01,6.06,11.69,19.9,29.72,30.62,42.3,74.95,15.7,4.66,-8.65,14.09,,,16.67,14.89,17.96,1.84,0.84,0.66,-69.51,-9.43,-11.89,-27.42,Global,Global,Global
A1NZLA,00XK,,WisdomTree Broad Commodities - EUR Daily Hedged,2012-03-15,5113,14.008219178082191,Long-only,Jersey,EUR,True,False,Accumulating,0.49,Swap based,4,False,,21.42,1.83,13.58,21.64,29.4,32.74,30.16,57.78,17.74,-2.5,-13.36,17.62,,,16.14,13.85,16.2,2.03,0.66,0.59,-38.21,-7.73,-15.66,-31.86,Global,Global,Global
A3EB23,CDTR,125663096,UBS CMCI Future Commodity SF UCITS ETF USD acc,2023-05-24,1026,2.8109589041095893,Long-only,Ireland,USD,False,False,Accumulating,0.34,Swap based,3,True,,13.45,1.4,10.28,15.37,20.36,14.03,,,2.8,3.07,,,,,12.48,,,1.12,,,-14.99,-9.25,,,Global,Global,Global
A0KRLH,AIGS,,WisdomTree Softs,2006-09-27,7109,19.476712328767125,Long-only,Jersey,USD,False,False,Accumulating,0.49,Swap based,3,False,,-11.09,1.35,2.98,-14.15,-16.39,-22.98,16.02,81.05,-5.61,33.75,10.8,6.18,,,20.56,21.17,21.97,-1.12,0.24,0.57,-73.18,-28.24,-32.01,-32.01,Global,Global,Global
A3G8J5,HOGS,,WisdomTree Lean Hogs,2006-09-27,7109,19.476712328767125,Long-only,Jersey,USD,False,False,Accumulating,0.49,Swap based,3,False,,3.57,-2.25,4.68,3.74,0.24,7.77,5.65,24.94,-0.89,25.9,-99.03,9247.99,,,20.18,35611.12,41617.11,0.38,0.0,0.0,-99.24,-13.09,-99.05,-99.24,Global,Global,Global
A3GWVT,AMPS,,WisdomTree Battery Metals,2022-03-03,1473,4.035616438356165,Long-only,Ireland,USD,False,False,Accumulating,0.45,Swap based,3,False,,7.3,0.26,5.77,13.22,20.48,11.12,-2.68,,9.5,-0.15,-26.82,,,,16.96,19.25,,0.66,-0.05,,-41.16,-13.29,-26.05,,Global,Global,Global
A0SVXY,FAGR,,WisdomTree Agriculture Longer Dated,2007-10-10,6731,18.44109589041096,Long-only,Jersey,USD,False,False,Accumulating,0.49,Swap based,2,False,,8.44,1.45,9.09,5.43,4.95,-0.76,-12.39,34.91,-8.29,-3.17,-12.07,29.45,,,13.2,14.47,17.46,-0.06,-0.3,0.35,-53.36,-12.73,-24.27,-33.83,Global,Global,Global
A0KRKZ,CATL,,WisdomTree Live Cattle,2006-09-27,7109,19.476712328767125,Long-only,Jersey,USD,False,False,Accumulating,0.49,Swap based,2,False,,1.27,-0.83,-1.24,1.7,2.87,19.9,50.0,78.36,21.03,20.37,2.75,15.65,,,18.43,15.88,15.25,1.08,0.91,0.8,-38.84,-14.64,-16.9,-16.9,Global,Global,Global
A2JEL1,UD08,40539875,UBS CMCI ex-Agriculture SF UCITS ETF hGBP acc,2018-03-01,2936,8.043835616438356,Long-only,Ireland,GBP,True,False,Accumulating,0.34,Swap based,2,False,,18.6,1.96,11.2,22.36,28.56,31.45,44.1,84.93,18.5,6.07,-6.55,12.09,,,16.1,15.27,18.37,1.95,0.85,0.71,-39.82,-10.87,-13.3,-25.21,Global,Global,Global
A0KRK3,SOYO,,WisdomTree Soybean Oil,2006-09-27,7109,19.476712328767125,Long-only,Jersey,USD,False,False,Accumulating,0.49,Swap based,2,False,,41.27,2.38,21.34,34.9,31.3,57.44,18.21,70.3,10.18,-14.67,-22.8,42.77,,,26.07,28.78,31.2,2.2,0.2,0.36,-70.96,-15.74,-39.58,-50.61,Global,Global,Global
A3GPDV,WNRG,,WisdomTree Energy Enhanced - EUR Daily Hedged,2021-02-25,1844,5.052054794520548,Long-only,Ireland,EUR,True,False,Accumulating,0.4,Swap based,2,False,,52.59,7.51,40.62,48.05,43.03,41.39,17.78,70.41,-3.97,-8.91,-21.17,35.84,,,29.74,24.82,26.85,1.39,0.23,0.42,-52.49,-20.03,-31.92,-52.49,Global,Global,Global
A0SVXT,FAIG,,WisdomTree Broad Commodities Longer Dated,2007-10-10,6731,18.44109589041096,Long-only,Jersey,USD,False,False,Accumulating,0.49,Swap based,2,False,,19.83,2.93,13.88,20.37,27.88,24.12,25.89,90.39,7.33,6.44,-13.18,30.44,,,15.05,13.24,15.68,1.6,0.6,0.88,-51.39,-9.32,-13.54,-26.75,Global,Global,Global
A40YEJ,WENG,,WisdomTree Strategic Metals UCITS ETF GBP Hedged Acc,2025-01-07,432,1.1835616438356165,Long-only,Ireland,GBP,True,False,Accumulating,0.55,Swap based Unfunded,2,True,,6.91,-2.04,2.49,14.31,28.74,29.78,,,,,,,,,25.22,,,1.18,,,-16.28,-16.28,,,Global,Global,Global
A1NZK9,00XJ,,WisdomTree Agriculture - EUR Daily Hedged,2012-03-15,5113,14.008219178082191,Long-only,Jersey,EUR,True,False,Accumulating,0.49,Swap based,2,False,,5.39,0.38,5.18,2.13,2.13,1.54,-13.16,11.16,-0.6,-11.11,-10.0,17.54,,,12.35,14.47,17.18,0.12,-0.32,0.12,-43.16,-9.74,-26.74,-32.48,Global,Global,Global
,CRRP,,WisdomTree Enhanced Commodity Carry GBP Daily Hedged,2026-01-21,53,0.14520547945205478,Long-only,Ireland,GBP,True,False,Accumulating,0.34,Swap based,1,False,,,-1.11,-17.89,,,,,,,,,,,,,,,,,,-18.52,,,,Global,Global,Global
A1N49N,FBRT,,WisdomTree Brent Crude Oil Longer Dated,2012-01-09,5179,14.189041095890412,Long-only,Jersey,USD,False,False,Accumulating,0.49,Swap based,1,False,,48.98,12.56,36.71,47.34,38.19,31.03,28.52,112.74,-19.24,7.67,-5.76,40.54,,,29.04,26.93,30.21,1.07,0.32,0.54,-75.02,-19.66,-29.38,-34.71,Global,Global,Global
A2HH1T,BENE,,WisdomTree Energy Enhanced,2019-02-25,2575,7.054794520547945,Long-only,Ireland,USD,False,False,Accumulating,0.4,Swap based,1,False,,57.3,8.62,45.77,52.57,48.06,36.68,16.87,95.66,-13.44,-1.34,-22.07,47.73,,,31.37,25.91,27.68,1.17,0.21,0.52,-53.26,-20.53,-35.95,-53.26,Global,Global,Global
A0SVXX,FIND,,WisdomTree Industrial Metals Longer Dated,2007-10-10,6731,18.44109589041096,Long-only,Jersey,USD,False,False,Accumulating,0.49,Swap based,1,False,,6.98,0.28,5.13,12.34,22.05,11.8,11.63,42.64,12.1,4.47,-14.82,8.65,,,19.95,17.48,20.29,0.59,0.21,0.36,-57.48,-14.17,-20.42,-38.23,Global,Global,Global
,CRRE,,WisdomTree Enhanced Commodity Carry ETC EUR Daily Hedged,2026-01-21,53,0.14520547945205478,Long-only,Ireland,EUR,True,False,Accumulating,0.34,Swap based,1,False,,,-1.4,-18.71,,,,,,,,,,,,,,,,,,-19.46,,,,Global,Global,Global
A0SVXU,ENEF,,WisdomTree Energy Longer Dated,2007-10-10,6731,18.44109589041096,Long-only,Jersey,USD,False,False,Accumulating,0.49,Swap based,1,False,,37.22,8.53,31.62,33.82,29.69,12.36,4.24,93.22,-16.64,2.75,-21.49,56.43,,,27.63,24.56,28.22,0.45,0.06,0.5,-85.87,-23.55,-33.05,-50.91,Global,Global,Global
A1PCJ7,EHEN,,WisdomTree Energy - EUR Daily Hedged,2013-10-21,4528,12.405479452054795,Long-only,Jersey,EUR,True,False,Accumulating,0.49,Swap based,0,False,,49.52,6.8,38.94,44.7,41.44,28.16,13.36,50.96,-8.7,-6.12,-26.2,38.91,,,34.61,29.0,32.23,0.81,0.15,0.27,-85.78,-22.99,-34.31,-58.81,Global,Global,Global
A3G68A,CO2E,128522959,UBS European Physical Carbon ETC ,2024-05-21,663,1.8164383561643835,Long-only,Ireland,EUR,False,False,Accumulating,0.75,Physically backed,,False,,-21.04,-1.61,-2.6,-20.17,-10.05,2.2,,,28.06,,,,,,38.98,,,0.06,,,-27.58,-27.58,,,Global,Global,Global
A2PRV7,CCUA,50164024,UBS CMCI Commodity Carry SF UCITS ETF USD acc,2020-01-16,2250,6.164383561643835,Short & Leveraged,Ireland,USD,False,False,Accumulating,0.34,Swap based,179,False,,-14.65,0.18,-10.79,-14.03,-13.65,-12.0,-10.16,27.7,0.44,6.06,4.43,20.14,,,14.12,11.15,12.73,-0.85,-0.31,0.39,-19.37,-17.78,-17.78,-17.78,Global,Global,Global
A4AGV1,3LNG,,WisdomTree Natural Gas 3x Daily Leveraged,2012-12-17,4836,13.24931506849315,Short & Leveraged,Ireland,USD,False,False,Accumulating,0.99,Swap based,73,False,,-42.51,-7.19,-1.39,-57.49,-61.73,-94.63,-99.88,-99.99,-82.23,-83.9,-98.79,-66.8,,,167.09,154.58,174.25,-0.57,-0.58,-0.49,-100.0,-96.13,-99.91,-100.0,Global,Global,Global
A2QG32,UBF6,58186344,UBS CMCI Commodity Carry ex-Agriculture SF UCITS ETF USD acc,2021-01-22,1878,5.145205479452055,Short & Leveraged,Ireland,USD,False,False,Accumulating,0.34,Swap based,45,False,,-27.27,-2.08,-22.94,-26.56,-26.43,-24.88,-23.17,15.85,-2.16,7.33,10.09,24.1,,,24.81,17.52,18.58,-1.0,-0.48,0.16,-32.33,-30.13,-32.33,-32.33,Global,Global,Global
A2P2W6,UEQV,54094592,UBS CMCI Commodity Carry SF UCITS ETF hEUR acc,2020-06-11,2103,5.761643835616439,Short & Leveraged,Ireland,EUR,True,False,Accumulating,0.34,Swap based,35,False,,-17.89,-1.73,-14.84,-17.34,-17.37,-10.16,-10.61,10.63,11.33,-2.27,5.82,10.32,,,14.94,11.53,12.69,-0.68,-0.32,0.16,-19.66,-19.17,-19.17,-19.17,Global,Global,Global
A2QG31,UBF7,58189790,UBS CMCI Commodity Carry ex-Agriculture SF UCITS ETF hEUR acc,2021-01-22,1878,5.145205479452055,Short & Leveraged,Ireland,EUR,True,False,Accumulating,0.34,Swap based,35,False,,-30.29,-4.09,-26.77,-29.64,-29.86,-23.64,-24.01,-0.45,8.34,-1.14,11.42,13.81,,,27.08,18.64,19.01,-0.87,-0.47,0.0,-31.91,-31.91,-31.91,-31.91,Global,Global,Global
A412JV,CMNG,141817402,L&G Market Neutral Commodities UCITS ETF USD Acc,2025-11-21,114,0.31232876712328766,Short & Leveraged,Ireland,USD,False,False,Accumulating,0.39,Swap based Unfunded,31,False,,-3.68,1.95,-1.35,-3.68,,,,,,,,,,,,,,,,,-9.66,,,,Global,Global,Global
A4AGV3,3SOI,,WisdomTree WTI Crude Oil 3x Daily Short,2020-11-19,1942,5.32054794520548,Short & Leveraged,Ireland,USD,False,False,Accumulating,0.99,Swap based,26,False,,-90.78,-56.68,-86.47,-91.07,-89.6,-93.03,-97.66,-99.88,-18.29,-100.0,1275301.52,-85.19,,,117.48,32456852775.78,25182947974.84,-0.79,0.0,0.0,-100.0,-94.67,-100.0,-100.0,Global,Global,Global
A4AGVY,3LGS,,WisdomTree Natural Gas 3x Daily Short,2012-12-17,4836,13.24931506849315,Short & Leveraged,Ireland,USD,False,False,Accumulating,0.99,Swap based,25,False,,-54.8,4.68,-8.63,-47.8,-61.13,-18.19,-63.01,-58.65,-53.58,383600.0,-99.91,,,,164.98,1319402.56,25995904.53,-0.11,0.0,0.0,-100.0,-79.52,-100.0,-100.0,Global,Global,Global
A2P2W5,COSIC,54094558,UBS CMCI Commodity Carry SF UCITS ETF hCHF acc,2020-06-11,2103,5.761643835616439,Short & Leveraged,Ireland,CHF,True,False,Accumulating,0.34,Swap based,22,False,,-12.32,-5.8,-10.12,-11.41,-12.53,-2.35,-6.33,30.57,9.76,-5.59,10.05,15.18,,,14.68,11.76,12.84,-0.16,-0.18,0.43,-16.83,-16.83,-16.83,-16.83,Global,Global,Global
