wkn,ticker,valor,name,inception_date,age_in_days,age_in_years,strategy,domicile_country,currency,hedged,securities_lending,dividends,ter,replication,size,is_sustainable,number_of_holdings,yesterday,last_week,last_month,last_three_months,last_six_months,last_year,last_three_years,last_five_years,2024,2023,2022,2021,last_dividends,last_year_dividends,last_year_volatility,last_three_years_volatility,last_five_years_volatility,last_year_return_per_risk,last_three_years_return_per_risk,last_five_years_return_per_risk,max_drawdown,last_year_max_drawdown,last_three_years_max_drawdown,last_five_years_max_drawdown,region,country,region_category
A0RPWL,SJPA,10608419.0,iShares Core MSCI Japan IMI UCITS ETF,2009-09-25,5691,15.591780821917808,Long-only,Ireland,USD,False,True,Accumulating,0.12,Optimized sampling,4827.0,False,1017.0,-2.12,2.14,-3.09,-2.87,3.65,-0.49,25.42,40.52,9.08,12.41,-6.02,2.15,,,25.97,20.36,19.19,-0.02,0.38,0.37,-22.48,-16.66,-16.66,-20.0,APAC,Japan,Developed_APAC
LYX0YC,LCJP,40916345.0,Amundi MSCI Japan UCITS ETF Acc,2018-02-28,2613,7.158904109589041,Long-only,Luxembourg,JPY,False,True,Accumulating,0.12,Full replication,4037.0,False,191.0,-1.57,2.68,-4.1,-3.22,2.91,-1.57,25.09,42.22,8.68,13.25,-7.01,2.85,,,25.51,19.54,18.23,-0.06,0.4,0.4,-21.77,-16.7,-16.86,-19.45,APAC,Japan,Developed_APAC
A1W3BE,JPNA,21967323.0,UBS ETF (LU) MSCI Japan UCITS ETF (JPY) A-acc,2017-07-14,2842,7.786301369863014,Long-only,Luxembourg,JPY,False,True,Accumulating,0.12,Full replication,2540.0,False,192.0,-2.78,3.83,-5.9,-4.72,2.71,-0.6,24.44,40.71,9.42,13.18,-6.5,2.15,,,24.72,19.17,17.81,-0.12,0.36,0.39,-21.69,-16.6,-16.81,-19.29,APAC,Japan,Developed_APAC
DBX1MJ,XMJP,2825426.0,Xtrackers MSCI Japan UCITS ETF 1C,2007-01-09,6681,18.304109589041097,Long-only,Luxembourg,USD,False,True,Accumulating,0.12,Full replication,2068.0,False,191.0,-2.92,2.36,-3.52,-3.75,2.85,-1.55,25.24,41.8,9.82,13.67,-6.97,3.09,,,27.42,21.29,19.67,-0.06,0.37,0.37,-37.3,-17.62,-17.62,-20.19,APAC,Japan,Developed_APAC
A2JHSE,XESJ,41414829.0,Xtrackers MSCI Japan ESG UCITS ETF 1C,2018-04-24,2558,7.008219178082192,Long-only,Ireland,USD,False,False,Accumulating,0.2,Full replication,1905.0,True,105.0,-3.96,1.9,-2.91,-5.09,0.8,2.79,21.32,31.89,12.17,11.84,-10.92,0.24,,,27.21,21.12,19.7,0.1,0.31,0.29,-22.46,-18.85,-18.85,-22.46,APAC,Japan,Developed_APAC
A1T8FU,VJPN,20974096.0,Vanguard FTSE Japan UCITS ETF Distributing,2013-05-21,4357,11.936986301369863,Long-only,Ireland,USD,False,True,Distributing,0.15,Full replication,1878.0,False,492.0,-2.35,2.23,-3.22,-3.06,3.29,-1.14,25.51,41.6,9.22,13.06,-5.73,2.33,1.95,1.89,26.34,20.69,19.31,-0.04,0.38,0.37,-22.13,-16.81,-16.81,-20.02,APAC,Japan,Developed_APAC
A2PBLK,PRIJ,45676821.0,Amundi Prime Japan UCITS ETF DR (D),2019-01-30,2277,6.238356164383561,Long-only,Luxembourg,JPY,False,False,Distributing,0.05,Full replication,1633.0,False,302.0,-2.66,2.44,-3.95,-2.82,3.26,-1.25,25.94,43.51,10.3,13.03,-5.95,2.81,1.93,1.87,24.92,19.29,18.01,-0.05,0.41,0.42,-21.89,-16.09,-16.54,-19.82,APAC,Japan,Developed_APAC
A2N6TF,SGJP,43671001.0,iShares MSCI Japan Screened UCITS ETF USD (Acc),2018-10-19,2380,6.52054794520548,Long-only,Ireland,USD,False,False,Accumulating,0.15,Optimized sampling,1241.0,True,178.0,-3.18,2.38,-3.36,-4.08,2.78,-2.08,23.39,40.87,9.2,13.19,-7.3,2.42,,,27.76,21.46,20.1,-0.07,0.34,0.35,-22.06,-17.9,-17.9,-19.76,APAC,Japan,Developed_APAC
A0DK60,IJPN,1965564.0,iShares MSCI Japan UCITS ETF (Dist),2004-10-01,7511,20.578082191780823,Long-only,Ireland,USD,False,True,Distributing,0.12,Full replication,1237.0,False,191.0,-2.93,2.37,-3.53,-3.67,2.84,-1.55,24.4,39.9,9.84,13.16,-7.41,2.42,1.96,1.89,27.29,21.18,19.79,-0.06,0.36,0.35,-41.82,-17.59,-17.59,-19.82,APAC,Japan,Developed_APAC
DBX0NJ,XDJP,20454084.0,Xtrackers Nikkei 225 UCITS ETF 1D,2013-01-25,4473,12.254794520547945,Long-only,Luxembourg,JPY,False,True,Distributing,0.09,Full replication,1189.0,False,225.0,-7.44,2.23,-3.31,-8.7,-2.86,-5.17,19.58,39.04,10.59,15.05,-9.99,-3.61,1.57,1.47,26.19,20.68,19.54,-0.2,0.3,0.35,-24.24,-19.44,-20.83,-23.34,APAC,Japan,Developed_APAC
A2ADB6,EJAP,31062444.0,BNP Paribas Easy MSCI Japan ESG Filtered Min TE UCITS ETF,2016-02-26,3346,9.167123287671233,Long-only,Luxembourg,EUR,False,False,Accumulating,0.16,Full replication,1174.0,True,182.0,-3.18,2.21,-3.7,-3.33,3.05,-0.71,26.26,44.68,11.01,14.24,-6.0,2.07,,,26.18,20.39,19.1,-0.03,0.4,0.4,-21.57,-17.18,-17.18,-19.55,APAC,Japan,Developed_APAC
A2PCB2,EDMJ,46193935.0,iShares MSCI Japan ESG Enhanced CTB UCITS ETF USD (Acc),2019-04-16,2201,6.03013698630137,Long-only,Ireland,USD,False,False,Accumulating,0.15,Optimized sampling,1080.0,True,186.0,-2.57,2.12,-3.45,-4.32,2.91,-1.48,21.79,36.86,7.07,13.11,-7.79,2.52,,,26.63,20.88,19.66,-0.06,0.32,0.33,-21.79,-17.22,-17.22,-20.42,APAC,Japan,Developed_APAC
A2PLS8,VJPB,48525713.0,Vanguard FTSE Japan UCITS ETF Accumulating,2019-09-24,2040,5.589041095890411,Long-only,Ireland,USD,False,True,Accumulating,0.15,Full replication,884.0,False,492.0,-2.51,2.11,-3.32,-3.21,3.14,-1.27,25.39,41.52,9.31,13.02,-5.76,2.4,,,26.33,20.74,19.33,-0.05,0.38,0.37,-22.18,-16.81,-16.81,-20.03,APAC,Japan,Developed_APAC
A0YEDV,CSJP,10737498.0,iShares MSCI Japan UCITS ETF USD (Acc),2010-01-11,5583,15.295890410958904,Long-only,Ireland,USD,False,True,Accumulating,0.12,Full replication,698.0,False,191.0,-2.91,2.38,-3.51,-3.73,2.88,-1.53,24.67,40.41,9.82,13.32,-7.26,2.39,,,27.39,21.18,19.8,-0.06,0.36,0.35,-21.74,-17.61,-17.61,-19.74,APAC,Japan,Developed_APAC
A143DA,JPJP,30615097.0,SPDR MSCI Japan UCITS ETF,2015-11-30,3434,9.408219178082192,Long-only,Ireland,JPY,False,True,Accumulating,0.12,Optimized sampling,680.0,False,183.0,-3.1,2.57,-4.18,-3.3,2.82,-1.64,25.05,42.05,10.33,13.21,-6.71,2.71,,,23.12,18.68,17.62,-0.07,0.41,0.41,-21.8,-15.64,-16.81,-20.25,APAC,Japan,Developed_APAC
794361,UB02,1272995.0,UBS ETF (LU) MSCI Japan UCITS ETF (JPY) A-dis,2001-10-30,8578,23.5013698630137,Long-only,Luxembourg,JPY,False,True,Distributing,0.12,Full replication,670.0,False,192.0,-1.62,2.61,-4.14,-3.28,2.86,-1.65,25.07,42.04,8.68,13.16,-6.95,2.81,1.89,1.83,24.91,19.35,18.22,-0.07,0.4,0.4,-58.46,-16.54,-16.81,-19.34,APAC,Japan,Developed_APAC
A2N4PR,LGJG,44805902.0,L&G Japan Equity UCITS ETF,2018-10-08,2391,6.550684931506849,Long-only,Ireland,USD,False,False,Accumulating,0.1,Full replication,559.0,True,294.0,-2.81,1.94,-3.41,-3.66,3.17,-0.36,26.54,43.64,10.92,13.25,-6.21,2.77,,,26.68,20.88,19.45,-0.01,0.39,0.39,-21.77,-17.06,-17.06,-19.9,APAC,Japan,Developed_APAC
A1C5E6,IJPE,11834409.0,iShares MSCI Japan EUR Hedged UCITS ETF (Acc),2010-09-30,5321,14.578082191780824,Long-only,Ireland,EUR,True,True,Accumulating,0.64,Optimized sampling,539.0,False,191.0,-3.08,2.71,-3.86,-3.91,2.53,-1.26,54.97,105.19,18.25,29.07,-0.06,4.74,,,27.57,20.4,19.44,-0.05,0.77,0.79,-33.62,-24.46,-24.46,-24.46,APAC,Japan,Developed_APAC
A2AUE9,SUJA,34426292.0,iShares MSCI Japan SRI UCITS ETF USD (Acc),2017-03-06,2972,8.142465753424657,Long-only,Ireland,USD,False,False,Accumulating,0.2,Full replication,530.0,True,50.0,-1.24,1.46,-2.11,-2.45,3.34,1.83,14.14,25.73,5.62,7.01,-8.44,2.44,,,25.91,20.58,19.32,0.07,0.22,0.24,-21.75,-15.7,-15.7,-21.75,APAC,Japan,Developed_APAC
DBX0KT,XMK9,14900037.0,Xtrackers MSCI Japan UCITS ETF 4C - EUR Hedged,2012-05-15,4728,12.953424657534246,Long-only,Luxembourg,EUR,True,True,Accumulating,0.4,Full replication,521.0,False,191.0,-2.89,3.06,-4.28,-3.82,2.73,-1.84,55.4,105.2,18.09,28.92,-0.14,5.0,,,27.24,20.68,19.33,-0.07,0.76,0.8,-30.83,-24.26,-24.26,-24.26,APAC,Japan,Developed_APAC
ETF089,CJ1P,129371416.0,Amundi MSCI Japan ESG Broad Transition UCITS ETF GBP Dist,2023-09-19,584,1.6,Long-only,Luxembourg,GBP,False,False,Distributing,0.08,Full replication,429.0,True,176.0,-2.81,2.17,-4.25,-3.9,3.07,-0.99,,,7.96,,,,1.74,1.69,24.89,,,-0.04,,,-16.52,-16.52,,,APAC,Japan,Developed_APAC
A14UX8,JPSR,28596582.0,UBS ETF (LU) MSCI Japan Socially Responsible UCITS ETF (JPY) A-dis,2015-07-22,3565,9.767123287671232,Long-only,Luxembourg,JPY,False,False,Distributing,0.19,Full replication,421.0,True,60.0,0.82,2.45,-3.22,-1.12,4.89,6.13,17.51,25.81,8.09,7.07,-9.61,-2.74,2.09,2.17,23.99,18.89,17.97,0.26,0.29,0.26,-22.45,-15.87,-15.87,-22.45,APAC,Japan,Developed_APAC
A0ESMK,JPNL,2327606.0,Amundi Japan TOPIX II UCITS ETF EUR Dist,2005-11-10,7106,19.46849315068493,Long-only,France,EUR,False,False,Distributing,0.45,Full replication,406.0,False,1502.0,-0.57,2.49,-3.65,-2.11,3.84,-0.72,25.48,38.97,7.52,12.23,-5.65,1.52,0.74,0.73,24.18,19.89,18.39,-0.03,0.39,0.37,-41.9,-16.03,-16.22,-19.65,APAC,Japan,Developed_APAC
A2PDNT,EEJG,46193226.0,iShares MSCI Japan ESG Enhanced CTB UCITS ETF USD (Dist),2019-03-08,2240,6.136986301369863,Long-only,Ireland,USD,False,False,Distributing,0.15,Optimized sampling,387.0,True,186.0,-3.01,1.68,-3.78,-4.55,2.59,-1.66,21.71,36.66,7.19,13.27,-7.44,1.68,1.84,1.77,26.5,20.85,19.82,-0.06,0.32,0.33,-22.02,-17.15,-17.15,-20.55,APAC,Japan,Developed_APAC
A1J1L6,IJPH,19070556.0,iShares MSCI Japan GBP Hedged UCITS ETF (Acc),2012-07-31,4651,12.742465753424655,Long-only,Ireland,GBP,True,True,Accumulating,0.64,Optimized sampling,373.0,False,191.0,-4.24,3.44,-5.81,-4.64,0.62,0.75,57.52,120.63,23.77,33.09,-3.73,11.94,,,29.82,21.09,19.72,0.03,0.77,0.87,-33.29,-26.22,-26.22,-26.22,APAC,Japan,Developed_APAC
A2N6TG,SDJP,43672002.0,iShares MSCI Japan Screened UCITS ETF USD (Dist),2018-10-19,2380,6.52054794520548,Long-only,Ireland,USD,False,False,Distributing,0.15,Optimized sampling,347.0,True,178.0,-1.7,2.21,-3.54,-3.94,2.69,-1.94,23.62,40.53,7.58,13.25,-7.5,2.32,1.9,1.83,27.46,21.34,19.94,-0.07,0.34,0.35,-22.0,-17.78,-17.78,-20.03,APAC,Japan,Developed_APAC
A119J2,XDNS,25395523.0,Xtrackers MSCI Japan Screened UCITS ETF 1D,2015-03-31,3678,10.076712328767124,Long-only,Ireland,JPY,False,True,Distributing,0.15,Full replication,341.0,True,178.0,-3.24,2.61,-4.05,-3.46,2.72,-2.06,23.01,37.88,9.61,12.46,-7.33,2.0,1.82,1.75,25.24,19.54,19.07,-0.08,0.37,0.35,-22.1,-16.65,-16.88,-21.07,APAC,Japan,Developed_APAC
A2QEUK,JARI,57336705.0,Amundi MSCI Japan SRI Climate Paris Aligned UCITS ETF DR (C),2020-10-13,1655,4.534246575342466,Long-only,Luxembourg,JPY,False,False,Accumulating,0.18,Full replication,321.0,True,36.0,-0.77,1.68,-1.67,-1.83,1.79,-0.21,3.16,,-1.23,4.32,-10.45,1.33,,,22.06,18.11,,-0.01,0.06,,-24.25,-15.73,-16.58,,APAC,Japan,Developed_APAC
A0Q1YX,ISJP,4218299.0,iShares MSCI Japan Small Cap UCITS ETF (Dist),2008-05-09,6195,16.972602739726028,Long-only,Ireland,USD,False,True,Distributing,0.58,Optimized sampling,303.0,False,828.0,1.13,1.56,-1.25,0.7,6.74,3.78,24.82,30.65,5.66,6.89,-2.06,-1.5,1.97,2.0,22.18,18.28,17.81,0.17,0.42,0.31,-31.15,-13.44,-13.44,-22.28,APAC,Japan,Developed_APAC
A0YEDQ,CNKY,10737065.0,iShares Nikkei 225 UCITS ETF (Acc),2010-01-25,5569,15.257534246575345,Long-only,Ireland,JPY,False,True,Accumulating,0.48,Full replication,295.0,False,225.0,-7.63,2.12,-3.42,-8.88,-3.1,-5.65,18.02,36.09,10.15,14.62,-10.38,-3.72,,,26.17,20.47,19.57,-0.22,0.28,0.32,-23.76,-19.65,-21.19,-23.76,APAC,Japan,Developed_APAC
A3CPER,JRJE,111459283.0,JPMorgan Japan Research Enhanced Index Equity (ESG) UCITS ETF USD (acc),2022-03-29,1123,3.0767123287671234,"Long-only, Active",Ireland,USD,False,False,Accumulating,0.25,Full replication,287.0,True,129.0,-3.57,2.28,-3.74,-4.31,2.42,-2.23,25.2,,10.14,14.05,,,,,27.26,21.19,,-0.08,0.37,,-17.56,-17.56,-17.56,,APAC,Japan,Developed_APAC
LYX05A,NADA,53840236.0,Amundi MSCI Japan UCITS ETF Dist,2020-09-17,1681,4.605479452054794,Long-only,Luxembourg,JPY,False,True,Distributing,0.12,Full replication,283.0,False,191.0,-1.52,2.65,-4.14,-3.28,2.88,-1.64,25.07,,8.59,13.24,-7.06,2.69,1.95,1.88,25.52,20.31,,-0.06,0.38,,-19.42,-16.7,-16.85,,APAC,Japan,Developed_APAC
A1W2ES,IJPD,22457084.0,iShares MSCI Japan USD Hedged UCITS ETF (Acc),2013-09-30,4225,11.575342465753424,Long-only,Ireland,USD,True,True,Accumulating,0.64,Optimized sampling,275.0,False,191.0,-11.41,2.74,-8.85,-11.52,-2.36,-6.23,55.61,109.82,27.44,27.18,9.27,13.67,,,30.36,21.92,20.23,-0.2,0.72,0.79,-26.99,-25.54,-25.54,-25.54,APAC,Japan,Developed_APAC
A2H58U,TPXE,38785006.0,Amundi Japan Topix UCITS ETF EUR,2015-09-22,3503,9.597260273972603,Long-only,Luxembourg,EUR,False,False,Accumulating,0.2,Swap based Unfunded,240.0,False,,-2.54,3.87,-5.11,-3.35,4.07,0.79,25.84,40.71,9.37,13.09,-4.74,1.04,,,25.42,19.86,18.68,-0.07,0.37,0.37,-22.42,-16.13,-16.35,-20.32,APAC,Japan,Developed_APAC
DBX0NT,XMUJ,21557276.0,Xtrackers MSCI Japan UCITS ETF 2D USD hedged,2013-06-10,4337,11.882191780821918,Long-only,Luxembourg,USD,True,True,Distributing,0.4,Full replication,214.0,False,191.0,-10.77,2.76,-8.29,-10.89,-1.42,-5.86,57.31,112.23,27.27,27.84,8.95,14.4,0.0,0.0,30.13,22.06,20.15,-0.19,0.74,0.81,-26.84,-25.88,-25.88,-25.88,APAC,Japan,Developed_APAC
A2H58W,TPXH,38785017.0,Amundi Japan Topix UCITS ETF Daily Hedged EUR (C),2012-10-16,4574,12.531506849315068,Long-only,Luxembourg,EUR,True,False,Accumulating,0.48,Swap based Unfunded,209.0,False,,-2.14,2.52,-3.4,-2.81,3.52,-0.43,56.36,102.26,17.16,28.73,1.48,3.39,,,26.18,19.56,18.67,-0.02,0.82,0.81,-32.91,-22.97,-22.97,-22.97,APAC,Japan,Developed_APAC
A2PXVN,HSJP,55292089.0,HSBC Japan Sustainable Equity UCITS ETF USD,2020-06-04,1786,4.8931506849315065,Long-only,Ireland,USD,False,False,Accumulating,0.18,Full replication,191.0,True,226.0,-1.4,2.47,-2.76,-0.21,6.42,2.62,33.55,,14.87,12.99,-4.84,4.52,,,27.24,21.12,,0.1,0.48,,-17.16,-16.44,-16.44,,APAC,Japan,Developed_APAC
A2QD43,FJPS,57549128.0,Fidelity Japan Equity Research Enhanced UCITS ETF ACC-JPY,2020-12-01,1606,4.4,"Long-only, Active",Ireland,JPY,False,False,Accumulating,0.25,Full replication,189.0,True,141.0,-4.38,2.82,-3.74,-4.17,1.86,-3.74,23.45,,10.12,11.56,-4.62,3.72,,,25.14,19.58,,-0.15,0.37,,-18.94,-17.34,-17.7,,APAC,Japan,Developed_APAC
A2DR4P,CJ1,36815475.0,Amundi MSCI Japan ESG Broad Transition UCITS ETF EUR Acc,2008-12-04,5986,16.4,Long-only,Luxembourg,EUR,False,False,Accumulating,0.15,Full replication,182.0,True,176.0,-2.9,2.17,-4.23,-3.89,3.04,-1.15,20.63,36.26,7.79,11.77,-6.94,2.28,,,24.83,19.46,18.25,-0.05,0.33,0.35,-21.63,-16.6,-16.6,-20.42,APAC,Japan,Developed_APAC
A2N8RU,SJPD,44632973.0,iShares Core MSCI Japan IMI UCITS ETF USD (Dist),2018-12-06,2332,6.389041095890411,Long-only,Ireland,USD,False,True,Distributing,0.12,Optimized sampling,179.0,False,1017.0,-3.72,1.08,-6.61,-4.31,0.39,-1.8,22.6,39.33,8.46,12.53,-5.56,1.64,2.07,1.98,25.84,20.17,18.91,-0.07,0.35,0.36,-22.55,-16.87,-16.87,-20.13,APAC,Japan,Developed_APAC
A14ME9,JPNCHF,26751433.0,UBS ETF (LU) MSCI Japan UCITS ETF (hedged to CHF) A-acc,2020-06-17,1773,4.857534246575343,Long-only,Luxembourg,CHF,True,True,Accumulating,0.15,Full replication,172.0,False,192.0,-3.29,2.06,-3.72,-4.38,0.21,1.15,62.72,,14.21,33.96,4.76,10.04,,,25.56,20.02,,-0.03,0.85,,-20.16,-20.16,-20.16,,APAC,Japan,Developed_APAC
A2PWML,PRAJ,51515242.0,Amundi Prime Japan UCITS ETF DR (C),2020-01-15,1927,5.279452054794521,Long-only,Luxembourg,JPY,False,False,Accumulating,0.05,Full replication,167.0,False,302.0,-2.61,2.47,-3.86,-2.73,3.27,-1.19,26.08,43.69,10.3,13.05,-5.96,2.83,,,25.52,19.59,18.18,-0.05,0.41,0.41,-21.92,-16.06,-16.58,-19.85,APAC,Japan,Developed_APAC
A2P7NT,XNKY,57525018.0,Xtrackers Nikkei 225 UCITS ETF 1C,2020-10-27,1641,4.495890410958904,Long-only,Luxembourg,JPY,False,True,Accumulating,0.09,Full replication,154.0,False,225.0,-7.54,2.12,-3.4,-8.79,-2.91,-5.29,19.41,,10.61,15.04,-10.04,-3.56,,,26.23,20.67,,-0.2,0.29,,-23.37,-19.5,-20.86,,APAC,Japan,Developed_APAC
A1403E,DXJG,30125421.0,WisdomTree Japan Equity UCITS ETF USD Acc,2015-11-02,3462,9.484931506849316,Long-only,Ireland,USD,False,False,Accumulating,0.4,Optimized sampling,149.0,True,494.0,-2.32,2.67,-4.58,-2.53,4.37,-1.43,39.54,74.94,13.82,18.52,1.59,7.28,,,27.75,21.84,20.26,-0.05,0.54,0.58,-28.34,-17.79,-18.02,-18.02,APAC,Japan,Developed_APAC
A3DQMS,JJEJ,120120571.0,JPMorgan Japan Research Enhanced Index Equity (ESG) UCITS ETF ETF JPY (acc),2022-10-07,931,2.5506849315068494,"Long-only, Active",Ireland,JPY,False,False,Accumulating,0.25,Full replication,149.0,True,129.0,-4.75,2.75,-6.51,-6.03,1.69,-1.86,,,10.11,14.01,,,,,196.86,,,-0.02,,,-100.0,-100.0,,,APAC,Japan,Developed_APAC
A2H58V,TPXG,38785010.0,Amundi Japan Topix UCITS ETF JPY,2015-09-25,3500,9.58904109589041,Long-only,Luxembourg,JPY,False,False,Accumulating,0.2,Swap based Unfunded,144.0,False,,-1.79,2.69,-3.33,-1.81,4.15,-0.2,26.99,41.18,9.57,12.59,-5.06,1.64,,,24.0,18.81,17.74,-0.01,0.44,0.4,-22.8,-15.5,-16.03,-20.32,APAC,Japan,Developed_APAC
A2QQC6,JUPI,110233940.0,Amundi MSCI Japan ESG Broad Transition UCITS ETF Dist,2021-03-30,1487,4.073972602739726,Long-only,Luxembourg,JPY,False,False,Distributing,0.15,Full replication,143.0,True,176.0,-2.89,2.16,-4.23,-3.9,3.04,-1.1,20.74,,7.92,12.19,-8.1,,1.66,1.62,24.92,19.39,,-0.04,0.33,,-21.02,-16.37,-16.37,,APAC,Japan,Developed_APAC
A1CXGS,HMJP,11166540.0,HSBC MSCI Japan UCITS ETF USD,2010-03-23,5512,15.101369863013698,Long-only,Ireland,USD,False,True,Distributing,0.12,Full replication,132.0,False,182.0,-3.07,2.2,-3.68,-3.91,2.73,-1.68,25.05,41.66,9.83,13.6,-6.65,2.44,1.88,1.81,27.56,21.31,19.9,-0.06,0.36,0.36,-21.81,-17.59,-17.59,-20.15,APAC,Japan,Developed_APAC
A2QKHV,JPXH,58759213.0,Amundi MSCI Japan SRI Climate Paris Aligned UCITS ETF DR - EUR Hedged (C),2021-01-12,1564,4.284931506849315,Long-only,Luxembourg,EUR,True,False,Accumulating,0.2,Full replication,131.0,True,36.0,-0.64,2.03,-2.11,-2.54,1.7,0.04,28.86,,6.35,19.09,-4.25,,,,23.57,19.19,,0.0,0.46,,-19.71,-19.32,-19.32,,APAC,Japan,Developed_APAC
A2QNQP,AW15,59785780.0,UBS ETF (IE) MSCI Japan Climate Paris Aligned UCITS ETF (JPY) A-acc,2021-03-11,1506,4.126027397260274,Long-only,Ireland,JPY,False,False,Accumulating,0.12,Full replication,119.0,True,54.0,-1.89,2.06,-2.15,-5.29,-1.71,-4.96,7.37,,-1.77,9.15,-14.78,,,,22.07,18.41,,-0.22,0.13,,-27.36,-17.09,-19.39,,APAC,Japan,Developed_APAC
DBX0SS,XNJS,121025716.0,Xtrackers Japan Net Zero Pathway Paris Aligned UCITS ETF 1C,2022-08-25,974,2.6684931506849314,Long-only,Ireland,USD,False,False,Accumulating,0.15,Full replication,115.0,True,226.0,1.12,0.88,0.78,-0.93,5.39,0.95,,,2.28,9.72,,,,,23.28,,,0.04,,,-16.87,-14.49,,,APAC,Japan,Developed_APAC
A119GW,S400,25073607.0,Invesco JPX-Nikkei 400 UCITS ETF,2014-09-10,3880,10.63013698630137,Long-only,Ireland,JPY,False,False,Accumulating,0.19,Swap based Unfunded,110.0,False,,-2.1,2.1,-3.62,-2.15,2.82,-0.71,26.81,42.01,9.71,12.79,-5.33,1.39,,,23.88,18.94,17.98,-0.03,0.43,0.4,-22.19,-15.54,-15.54,-21.01,APAC,Japan,Developed_APAC
A2N9LK,36B4,44632923.0,iShares MSCI Japan SRI UCITS ETF USD (Dist),2018-12-06,2332,6.389041095890411,Long-only,Ireland,USD,False,False,Distributing,0.2,Full replication,95.0,True,50.0,-1.27,1.53,-2.11,-2.31,3.1,1.65,13.86,25.96,5.46,6.99,-8.39,2.7,1.4,1.4,26.19,20.81,19.57,0.06,0.21,0.24,-21.77,-15.71,-15.71,-21.77,APAC,Japan,Developed_APAC
LYX0BT,LYJPN,2747787.0,Amundi Japan TOPIX II UCITS ETF JPY Dist,2006-12-11,6710,18.383561643835616,Long-only,France,JPY,False,False,Distributing,0.45,Full replication,84.0,False,1502.0,-1.48,3.92,-5.17,-3.24,3.92,0.35,25.21,38.15,8.3,12.21,-5.21,0.89,0.76,0.75,24.45,19.53,18.12,-0.07,0.37,0.37,-36.88,-16.17,-16.2,-19.67,APAC,Japan,Developed_APAC
A14X32,U1FB,30068999.0,UBS ETF (LU) MSCI Japan Socially Responsible UCITS ETF (hedged to EUR) A-acc,2016-06-06,3245,8.89041095890411,Long-only,Luxembourg,EUR,True,False,Accumulating,0.22,Full replication,83.0,True,60.0,0.0,2.82,-3.31,-1.66,4.8,7.05,48.28,86.08,18.26,22.05,-2.38,-0.52,,,26.13,20.15,19.22,0.27,0.7,0.69,-27.23,-21.07,-21.07,-21.07,APAC,Japan,Developed_APAC
A14MFC,UB0D,26751704.0,UBS ETF (LU) MSCI Japan UCITS ETF (hedged to GBP) A-dis,2017-07-31,2825,7.739726027397261,Long-only,Luxembourg,GBP,True,True,Distributing,0.15,Full replication,82.0,False,192.0,-4.21,3.66,-6.16,-4.66,1.04,1.16,59.85,125.18,24.68,33.33,-3.93,13.12,1.72,1.71,29.16,21.37,19.82,0.04,0.79,0.89,-33.02,-25.68,-25.68,-25.68,APAC,Japan,Developed_APAC
LYX03F,JNHD,56588182.0,Amundi MSCI Japan UCITS ETF EUR Hedged Dist,2020-09-17,1681,4.605479452054794,Long-only,Luxembourg,EUR,True,True,Distributing,0.2,Full replication,71.0,False,191.0,-2.4,3.02,-4.24,-3.83,2.77,-1.12,54.22,,18.37,28.25,-1.14,4.72,1.88,1.83,27.92,21.8,,-0.04,0.71,,-24.35,-24.35,-24.35,,APAC,Japan,Developed_APAC
DBX0Q9,XDJE,44118680.0,Xtrackers Nikkei 225 UCITS ETF 2D EUR Hedged,2018-11-06,2362,6.471232876712329,Long-only,Luxembourg,EUR,True,True,Distributing,0.19,Full replication,65.0,False,225.0,-7.27,2.59,-3.49,-9.23,-2.9,-5.09,49.24,101.66,18.73,31.18,-3.3,-1.64,1.41,1.32,28.22,22.02,20.87,-0.18,0.65,0.72,-27.07,-24.37,-24.37,-24.37,APAC,Japan,Developed_APAC
A14SCB,DXJ,28101727.0,WisdomTree Japan Equity UCITS ETF USD Hedged,2015-05-18,3630,9.945205479452056,Long-only,Ireland,USD,True,False,Distributing,0.48,Optimized sampling,62.0,True,494.0,-10.73,3.17,-9.77,-10.29,-0.77,-5.82,75.23,162.47,32.5,32.77,19.36,19.64,2.01,1.86,36.36,25.21,22.45,-0.16,0.81,0.95,-29.61,-26.56,-26.56,-26.56,APAC,Japan,Developed_APAC
A3CYEY,PAJS,113317269.0,Invesco MSCI Japan ESG Climate Paris Aligned UCITS ETF Acc,2021-12-06,1236,3.3863013698630136,Long-only,Ireland,USD,False,False,Accumulating,0.19,Full replication,62.0,True,82.0,-1.17,1.81,-1.75,-3.44,2.12,-0.59,11.22,,1.79,8.06,-13.41,,,,24.9,20.31,,-0.02,0.18,,-23.66,-16.2,-16.43,,APAC,Japan,Developed_APAC
LYX0NY,JPNH,21247238.0,Amundi Japan TOPIX II UCITS ETF EUR Hedged Dist,2013-04-25,4383,12.008219178082191,Long-only,France,EUR,True,False,Distributing,0.45,Full replication,58.0,False,1502.0,-1.46,2.89,-3.85,-2.69,3.68,-0.79,55.89,101.62,16.52,27.78,1.09,3.61,1.53,1.5,26.25,20.73,19.43,-0.03,0.77,0.77,-33.04,-22.8,-22.8,-22.8,APAC,Japan,Developed_APAC
DBX0TS,XM1D,125264623.0,Xtrackers MSCI Japan UCITS ETF 1D,2023-03-08,779,2.1342465753424658,Long-only,Luxembourg,USD,False,True,Distributing,0.12,Full replication,58.0,False,191.0,-2.9,2.38,-3.52,-3.73,2.89,-1.5,,,9.86,,,,1.87,1.81,27.42,,,-0.05,,,-17.6,-17.6,,,APAC,Japan,Developed_APAC
A14MFF,JPUSD,26751722.0,UBS ETF (LU) MSCI Japan UCITS ETF (hedged to USD) A-acc,2020-06-25,1765,4.835616438356165,Long-only,Luxembourg,USD,True,True,Accumulating,0.15,Full replication,55.0,False,192.0,-11.9,3.27,-10.44,-13.21,-3.58,-5.42,55.67,,27.4,27.53,9.61,14.63,,,29.49,21.43,,-0.29,0.69,,-25.45,-25.45,-25.45,,APAC,Japan,Developed_APAC
A2AB8C,DXJA,30125344.0,WisdomTree Japan Equity UCITS ETF USD Hedged Acc,2017-03-09,2969,8.134246575342466,Long-only,Ireland,USD,True,False,Accumulating,0.48,Optimized sampling,53.0,True,494.0,-10.73,3.2,-9.76,-10.29,-0.74,-5.61,75.71,163.49,32.77,32.93,19.45,19.55,,,30.72,22.55,20.69,-0.18,0.92,1.03,-29.62,-26.47,-26.47,-26.47,APAC,Japan,Developed_APAC
A14MFB,UFMA,26751446.0,UBS ETF (LU) MSCI Japan UCITS ETF (hedged to EUR) A-acc,2020-06-25,1765,4.835616438356165,Long-only,Luxembourg,EUR,True,True,Accumulating,0.15,Full replication,51.0,False,192.0,-2.36,3.13,-4.13,-3.69,2.85,-0.83,57.41,,18.65,28.82,0.26,5.63,,,27.21,20.72,,-0.03,0.79,,-23.86,-23.86,-23.86,,APAC,Japan,Developed_APAC
A2H588,JPHE,38785055.0,Amundi JPX Nikkei 400 UCITS ETF Daily Hedged EUR (C),2015-05-28,3620,9.917808219178085,Long-only,Luxembourg,EUR,True,False,Accumulating,0.18,Swap based Unfunded,49.0,False,,-1.88,2.4,-3.22,-2.61,2.88,-0.12,58.51,107.67,17.69,29.43,1.5,3.45,,,26.38,19.81,18.84,0.0,0.84,0.83,-31.4,-23.35,-23.35,-23.35,APAC,Japan,Developed_APAC
A2H589,JPHU,38785062.0,Amundi JPX Nikkei 400 UCITS ETF Daily Hedged USD,2015-05-28,3620,9.917808219178085,Long-only,Luxembourg,USD,True,False,Accumulating,0.18,Swap based Unfunded,45.0,False,,-9.91,2.26,-7.93,-9.99,-1.58,-4.67,60.69,113.9,27.02,27.89,10.48,13.16,,,28.37,21.14,19.46,-0.16,0.81,0.84,-26.13,-24.32,-24.32,-24.32,APAC,Japan,Developed_APAC
A12A7L,JPNUKD,25381767.0,UBS ETF (LU) MSCI Japan UCITS ETF (JPY) A-UKdis,2014-10-02,3858,10.56986301369863,Long-only,Luxembourg,JPY,False,True,Distributing,0.12,Full replication,44.0,False,192.0,-2.76,3.82,-5.92,-4.78,2.72,-0.66,24.38,40.52,9.32,13.21,-6.5,2.12,2.07,1.99,24.71,19.16,17.82,-0.12,0.36,0.39,-21.75,-16.51,-16.8,-19.32,APAC,Japan,Developed_APAC
A12C16,XDNE,27100724.0,Xtrackers MSCI Japan Screened UCITS ETF 3C - EUR Hedged,2015-03-31,3678,10.076712328767124,Long-only,Ireland,EUR,True,True,Accumulating,0.25,Full replication,44.0,True,178.0,-3.05,3.06,-4.23,-4.0,2.66,-2.12,53.32,100.26,17.51,28.23,-0.37,3.92,,,27.27,20.67,19.41,-0.08,0.74,0.77,-31.56,-24.13,-24.13,-24.13,APAC,Japan,Developed_APAC
A142NP,JPSRA,29318728.0,UBS ETF (LU) MSCI Japan Socially Responsible UCITS ETF (JPY) A-acc,2019-11-06,1997,5.471232876712329,Long-only,Luxembourg,JPY,False,False,Accumulating,0.19,Full replication,44.0,True,60.0,0.08,4.55,-4.4,-2.09,5.27,7.88,17.34,24.92,8.86,6.99,-9.45,-2.7,,,23.8,18.74,17.62,0.24,0.26,0.25,-23.08,-15.85,-15.85,-23.08,APAC,Japan,Developed_APAC
A40HTC,AJASE,137215586.0,BNP Paribas Easy Sustainable Japan UCITS ETF EUR Acc,2024-07-24,275,0.7534246575342466,"Long-only, Active",Ireland,EUR,False,False,Accumulating,0.2,Full replication,42.0,True,116.0,-5.03,0.87,-5.47,-5.47,1.12,,,,,,,,,,,,,,,,-17.35,,,,APAC,Japan,Developed_APAC
A2H586,JPNK,38785048.0,Amundi JPX Nikkei 400 UCITS ETF EUR (C),2014-11-13,3816,10.454794520547946,Long-only,Luxembourg,EUR,False,False,Accumulating,0.18,Swap based Unfunded,42.0,False,,-2.17,1.86,-3.18,-2.1,2.91,-0.45,26.7,42.28,9.57,13.37,-5.01,0.83,,,25.37,20.14,18.88,-0.02,0.41,0.39,-21.95,-15.8,-15.8,-21.0,APAC,Japan,Developed_APAC
A2AFC1,SUJS,31608372.0,iShares MSCI Japan SRI EUR Hedged UCITS ETF (Acc),2016-04-29,3283,8.994520547945205,Long-only,Ireland,EUR,True,False,Accumulating,0.25,Full replication,41.0,True,55.0,-0.72,2.01,-3.41,-1.43,5.36,7.35,49.0,92.8,18.56,25.23,-7.23,6.33,,,27.55,20.66,19.92,0.27,0.69,0.7,-26.34,-23.01,-23.01,-23.01,APAC,Japan,Developed_APAC
A14X3Z,JPSRT,30068714.0,UBS ETF (LU) MSCI Japan Socially Responsible UCITS ETF (hedged to CHF) A-dis,2015-10-30,3465,9.493150684931509,Long-only,Luxembourg,CHF,True,False,Distributing,0.22,Full replication,41.0,True,60.0,-0.46,2.81,-2.18,-1.72,2.72,9.91,53.82,95.64,13.69,26.83,2.14,3.85,1.08,1.16,24.58,19.54,18.4,0.33,0.77,0.77,-21.37,-17.28,-17.28,-17.28,APAC,Japan,Developed_APAC
A2H587,JPNY,38785051.0,Amundi JPX Nikkei 400 UCITS ETF JPY,2014-11-13,3816,10.454794520547946,Long-only,Luxembourg,JPY,False,False,Accumulating,0.18,Swap based Unfunded,35.0,False,,-2.12,3.76,-4.91,-2.95,3.2,0.85,26.95,41.63,9.79,12.85,-5.33,1.42,,,23.93,19.03,17.85,-0.05,0.41,0.4,-22.18,-15.53,-15.53,-21.0,APAC,Japan,Developed_APAC
A2PL2G,VJPE,51577276.0,Vanguard FTSE Japan UCITS ETF EUR Hedged Accumulating,2020-01-31,1911,5.235616438356164,Long-only,Ireland,EUR,True,True,Accumulating,0.2,Full replication,35.0,False,492.0,-2.24,2.59,-3.46,-3.73,3.14,-0.93,56.34,106.27,17.38,28.85,0.66,5.25,,,27.46,20.64,19.61,-0.03,0.78,0.79,-23.75,-23.41,-23.41,-23.41,APAC,Japan,Developed_APAC
A14MFA,JPEUR,26751440.0,UBS ETF (LU) MSCI Japan UCITS ETF (hedged to EUR) A-dis,2020-06-25,1765,4.835616438356165,Long-only,Luxembourg,EUR,True,True,Distributing,0.15,Full replication,35.0,False,192.0,-2.81,3.57,-5.1,-4.48,1.95,0.04,56.2,,18.29,28.85,0.24,5.55,1.87,1.81,27.0,20.65,,0.0,0.78,,-23.86,-23.86,-23.86,,APAC,Japan,Developed_APAC
A2PRG3,SPJE,49876431.0,iShares Core MSCI Japan IMI UCITS ETF EUR Hedged (Acc),2019-09-26,2038,5.583561643835616,Long-only,Ireland,EUR,True,True,Accumulating,0.17,Optimized sampling,34.0,False,1017.0,-4.43,1.04,-6.28,-4.67,0.39,-1.65,52.46,101.04,17.0,28.52,1.12,3.89,,,27.09,20.17,19.2,-0.06,0.75,0.78,-24.62,-23.13,-23.13,-23.13,APAC,Japan,Developed_APAC
LYX0XA,JPXU,38000866.0,Amundi MSCI Japan SRI Climate Paris Aligned UCITS ETF DR - USD Hedged (C),2015-01-30,3738,10.24109589041096,Long-only,Luxembourg,USD,True,False,Accumulating,0.2,Full replication,29.0,True,36.0,-8.52,3.45,-6.54,-9.85,-2.6,-2.09,32.4,71.53,14.98,18.06,4.69,12.82,,,26.13,20.55,19.36,-0.19,0.43,0.58,-26.38,-20.98,-20.98,-20.98,APAC,Japan,Developed_APAC
A143DB,ZPDW,30616386.0,SPDR MSCI Japan EUR Hedged UCITS ETF,2015-11-30,3434,9.408219178082192,Long-only,Ireland,EUR,True,True,Accumulating,0.17,Optimized sampling,26.0,False,183.0,-2.65,3.07,-4.08,-3.64,2.91,-1.27,56.75,108.27,18.41,29.14,-0.1,5.58,,,25.5,19.99,18.93,-0.05,0.81,0.83,-30.53,-23.79,-23.79,-23.79,APAC,Japan,Developed_APAC
A2H58X,TPHU,38785022.0,Amundi Japan Topix UCITS ETF Daily Hedged USD,2015-09-29,3496,9.578082191780824,Long-only,Luxembourg,USD,True,False,Accumulating,0.48,Swap based Unfunded,24.0,False,,-9.95,2.62,-7.9,-9.96,-0.75,-4.77,58.81,108.64,26.44,27.17,10.45,13.07,,,28.57,21.18,19.47,-0.17,0.79,0.81,-25.34,-23.94,-23.94,-23.94,APAC,Japan,Developed_APAC
A1403D,WTIF,30125329.0,WisdomTree Japan Equity UCITS ETF EUR Hedged Acc,2015-11-03,3461,9.482191780821918,Long-only,Ireland,EUR,True,False,Accumulating,0.45,Optimized sampling,24.0,True,494.0,-2.01,3.22,-4.53,-2.99,4.32,-0.7,75.4,157.66,22.74,34.94,9.23,9.94,,,29.44,21.97,20.65,-0.02,0.94,1.01,-38.53,-25.27,-25.27,-25.27,APAC,Japan,Developed_APAC
A3DE9T,AW1Q,116791977.0,UBS ETF (IE) MSCI Japan Climate Paris Aligned UCITS ETF (hedged to EUR) A-acc,2022-05-06,1085,2.972602739726028,Long-only,Ireland,EUR,True,False,Accumulating,0.15,Full replication,19.0,True,54.0,-3.03,2.38,-2.55,-6.08,-2.06,-5.23,,,6.61,24.51,,,,,23.49,,,-0.22,,,-19.29,-19.29,,,APAC,Japan,Developed_APAC
A119J3,XDNG,25395655.0,Xtrackers MSCI Japan Screened UCITS ETF 2D - GBP Hedged,2015-03-31,3678,10.076712328767124,Long-only,Ireland,GBP,True,True,Distributing,0.25,Full replication,17.0,True,178.0,-5.49,3.57,-6.04,-4.75,1.17,0.01,56.84,117.42,24.51,33.15,-3.88,11.13,1.61,1.59,29.18,21.26,20.5,0.0,0.76,0.82,-33.26,-25.94,-25.94,-25.94,APAC,Japan,Developed_APAC
A143NM,DXJP,30125106.0,WisdomTree Japan Equity UCITS ETF GBP Hedged,2015-11-02,3462,9.484931506849316,Long-only,Ireland,GBP,True,False,Distributing,0.45,Optimized sampling,16.0,True,494.0,-4.74,3.77,-6.6,-4.0,2.47,1.37,78.59,178.16,30.23,39.66,4.69,18.04,1.97,1.96,31.53,22.79,21.15,0.04,0.93,1.07,-41.14,-27.32,-27.32,-27.32,APAC,Japan,Developed_APAC
A3CR8E,JRIE,112088839.0,JPMorgan Japan Research Enhanced Index Equity (ESG) UCITS ETF USD (dist),2022-03-29,1123,3.0767123287671234,"Long-only, Active",Ireland,USD,False,False,Distributing,0.25,Full replication,16.0,True,129.0,-3.68,2.14,-3.8,-4.36,2.33,-2.37,25.05,,10.17,13.97,,,1.74,1.67,27.22,21.23,,-0.09,0.36,,-17.57,-17.57,-17.57,,APAC,Japan,Developed_APAC
A2PV51,VJPU,51577277.0,Vanguard FTSE Japan UCITS ETF USD Hedged Acc,2020-01-31,1911,5.235616438356164,Long-only,Ireland,USD,True,True,Accumulating,0.2,Full replication,16.0,False,492.0,-10.03,2.92,-7.83,-10.18,-0.88,-4.62,59.05,114.91,27.35,27.27,10.01,14.29,,,28.8,21.23,19.58,-0.16,0.79,0.84,-24.87,-24.35,-24.35,-24.35,APAC,Japan,Developed_APAC
A3DPXK,JPSG,119618752.0,iShares MSCI Japan SRI UCITS ETF GBP Hedged (Acc),2022-06-28,1032,2.8273972602739725,Long-only,Ireland,GBP,True,False,Accumulating,0.25,Full replication,14.0,True,50.0,-2.26,2.51,-4.17,-3.67,1.94,2.94,,,17.32,26.68,,,,,28.6,,,0.1,,,-23.91,-23.91,,,APAC,Japan,Developed_APAC
LYX0XX,JPXX,38013694.0,Amundi MSCI Japan SRI Climate Paris Aligned UCITS ETF DR - GBP Hedged (C),2015-01-30,3738,10.24109589041096,Long-only,Luxembourg,GBP,True,False,Accumulating,0.2,Full replication,13.0,True,36.0,-2.99,2.62,-3.82,-3.19,0.29,2.31,31.99,77.52,12.68,23.47,-8.82,11.21,,,25.41,19.5,18.73,0.09,0.5,0.65,-32.51,-21.11,-21.11,-21.11,APAC,Japan,Developed_APAC
A14MTY,N4US,26825641.0,Invesco JPX-Nikkei 400 USD Hedged UCITS ETF,2015-03-10,3699,10.134246575342466,Long-only,Ireland,USD,True,False,Accumulating,0.19,Swap based Unfunded,13.0,False,,-10.22,2.44,-8.17,-10.22,-1.95,-4.61,61.09,115.72,27.52,27.62,11.21,13.27,,,28.56,21.17,19.64,-0.16,0.81,0.85,-25.71,-24.67,-24.67,-24.67,APAC,Japan,Developed_APAC
A3CM9V,AW1I,111172150.0,UBS ETF (IE) MSCI Japan ESG Universal Low Carbon Select UCITS ETF (JPY) A-acc,2021-07-21,1374,3.764383561643836,Long-only,Ireland,JPY,False,False,Accumulating,0.15,Full replication,13.0,True,177.0,-1.78,2.43,-4.27,-3.75,2.72,-0.83,24.44,,9.27,12.44,-7.89,,,,25.31,19.66,,-0.03,0.38,,-19.97,-16.97,-16.97,,APAC,Japan,Developed_APAC
A3DQV4,HSJS,,HSBC Japan Sustainable Equity UCITS ETF USD (Dist),2022-07-05,1025,2.808219178082192,Long-only,Ireland,USD,False,False,Distributing,0.18,Full replication,13.0,True,226.0,-1.37,2.51,-2.81,-0.29,6.4,2.54,,,14.9,12.95,,,1.88,1.9,26.89,,,0.09,,,-16.45,-16.45,,,APAC,Japan,Developed_APAC
A0RGCR,MXJP,10128323.0,Invesco MSCI Japan UCITS ETF Acc,2009-04-02,5867,16.073972602739726,Long-only,Ireland,USD,False,False,Accumulating,0.12,Swap based Unfunded,12.0,False,,-2.94,2.38,-3.54,-3.79,2.82,-1.65,24.85,41.28,9.7,13.53,-6.81,2.73,,,27.24,21.36,19.85,-0.06,0.36,0.36,-21.72,-17.64,-17.64,-19.93,APAC,Japan,Developed_APAC
A3DG6W,JJEH,117433855.0,JPMorgan Japan Research Enhanced Index Equity (ESG) UCITS ETF EUR Hedged (acc),2022-05-17,1074,2.9424657534246577,"Long-only, Active",Ireland,EUR,True,False,Accumulating,0.25,Full replication,12.0,True,129.0,-3.46,2.63,-4.07,-4.97,2.2,-2.5,,,17.94,29.93,,,,,28.71,,,-0.09,,,-24.71,-24.71,,,APAC,Japan,Developed_APAC
DBX0Q0,XMCJ,33687007.0,Xtrackers MSCI Japan UCITS ETF 7C - CHF Hedged,2016-09-09,3150,8.63013698630137,Long-only,Luxembourg,CHF,True,True,Accumulating,0.25,Full replication,12.0,False,191.0,-4.51,2.31,-4.08,-4.75,0.0,0.61,61.6,116.93,15.0,34.27,4.9,9.07,,,25.98,20.07,18.8,-0.05,0.84,0.88,-23.84,-20.55,-20.55,-20.55,APAC,Japan,Developed_APAC
A3C55Q,HPJS,114465792.0,HSBC MSCI Japan Climate Paris Aligned UCITS ETF,2021-11-10,1262,3.4575342465753423,Long-only,Ireland,USD,False,False,Accumulating,0.18,Full replication,11.0,True,52.0,-3.23,1.65,-1.69,-5.95,-1.77,-5.06,7.27,,-0.95,9.58,-14.52,,,,24.37,19.94,,-0.21,0.12,,-25.64,-17.8,-19.92,,APAC,Japan,Developed_APAC
A40JUY,CEB3,136611244.0,iShares MSCI Japan ESG Enhanced CTB UCITS ETF EUR Hedged (Acc),2024-08-05,263,0.7205479452054795,Long-only,Ireland,EUR,True,False,Accumulating,0.18,Optimized sampling,10.0,True,186.0,-2.4,2.52,-3.45,-4.68,3.23,,,,,,,,,,,,,,,,-16.31,,,,APAC,Japan,Developed_APAC
A3EDC9,HIJS,,HSBC MSCI Japan Islamic ESG UCITS ETF USD (Acc),2023-09-27,576,1.578082191780822,Long-only,Ireland,USD,False,False,Accumulating,0.3,Full replication,9.0,True,36.0,-4.07,2.76,-3.48,-5.04,-3.02,-4.72,,,4.46,,,,,,27.01,,,-0.17,,,-19.2,-19.2,,,APAC,Japan,Developed_APAC
A2H58Z,TPHC,38785037.0,Amundi Japan Topix UCITS ETF Daily Hedged CHF,2016-04-26,3286,9.002739726027396,Long-only,Luxembourg,CHF,True,False,Accumulating,0.48,Swap based Unfunded,9.0,False,,-3.45,2.29,-3.18,-3.35,1.22,1.89,62.27,113.74,13.63,34.0,6.28,7.67,,,25.27,19.53,18.61,0.07,0.9,0.88,-26.13,-19.41,-19.41,-19.41,APAC,Japan,Developed_APAC
A3DN5C,HMJA,,HSBC MSCI Japan UCITS ETF USD (Acc),2022-07-19,1011,2.76986301369863,Long-only,Ireland,USD,False,True,Accumulating,0.12,Full replication,9.0,False,182.0,-3.06,2.21,-3.65,-3.9,2.72,-1.69,,,9.83,13.57,,,,,27.27,,,-0.06,,,-17.61,-17.61,,,APAC,Japan,Developed_APAC
A14MTZ,NS4E,26825652.0,Invesco JPX-Nikkei 400 EUR Hedged UCITS ETF,2015-03-10,3699,10.134246575342466,Long-only,Ireland,EUR,True,False,Accumulating,0.19,Swap based Unfunded,8.0,False,,-1.75,2.62,-3.6,-2.61,2.83,0.16,59.99,109.6,18.5,28.74,1.73,4.12,,,25.95,20.08,19.12,0.01,0.84,0.83,-31.58,-23.04,-23.04,-23.04,APAC,Japan,Developed_APAC
A2QGU3,ESJS,57795241.0,Invesco MSCI Japan Universal Screened UCITS ETF Acc,2021-01-08,1568,4.295890410958904,Long-only,Ireland,USD,False,False,Accumulating,0.19,Full replication,8.0,True,186.0,-2.41,2.09,-3.54,-4.14,2.69,-0.09,24.5,,9.74,12.7,-7.32,,,,27.27,21.16,,0.0,0.36,,-20.88,-17.85,-17.85,,APAC,Japan,Developed_APAC
LYX0ZP,LCJG,42000719.0,Amundi MSCI Japan UCITS ETF GBP Hedged Acc,2018-10-18,2381,6.523287671232877,Long-only,Luxembourg,GBP,True,True,Accumulating,0.2,Full replication,8.0,False,191.0,-4.44,3.61,-6.24,-4.73,0.96,0.96,57.23,118.59,24.67,33.31,-5.02,11.95,,,29.49,22.18,20.43,0.03,0.73,0.83,-28.68,-26.08,-26.08,-26.08,APAC,Japan,Developed_APAC
A406Q8,JCTA,133332360.0,iShares MSCI Japan Climate Transition Aware UCITS ETF USD (Acc),2024-06-11,318,0.8712328767123287,Long-only,Ireland,USD,False,False,Accumulating,0.15,Full replication,7.0,True,124.0,-6.31,0.52,-8.31,-6.99,-0.77,,,,,,,,,,,,,,,,-18.69,,,,APAC,Japan,Developed_APAC
A40GM0,JAPN,136891637.0,Franklin FTSE Japan UCITS ETF (Acc),2024-07-29,270,0.7397260273972602,Long-only,Ireland,JPY,False,False,Accumulating,0.09,Full replication,7.0,False,,-2.59,2.42,-3.86,-2.69,3.21,,,,,,,,,,,,,,,,-15.71,,,,APAC,Japan,Developed_APAC
LYX00T,JPNE,38013691.0,Amundi MSCI Japan SRI Climate Paris Aligned UCITS ETF DR - EUR Hedged (D),2019-09-18,2046,5.605479452054794,Long-only,Luxembourg,EUR,True,False,Distributing,0.2,Full replication,7.0,True,36.0,-0.55,2.12,-2.0,-2.44,1.8,0.1,29.87,65.49,6.3,19.06,-4.9,4.15,1.37,1.35,24.01,20.27,19.45,0.0,0.45,0.54,-24.47,-19.33,-19.33,-20.54,APAC,Japan,Developed_APAC
A2AB8B,DXJD,30125341.0,WisdomTree Japan Equity UCITS ETF CHF Hedged Acc,2016-02-02,3370,9.232876712328768,Long-only,Ireland,CHF,True,False,Accumulating,0.45,Optimized sampling,6.0,True,494.0,-5.16,-0.28,-6.39,-4.35,-0.31,-1.04,78.33,170.24,18.86,40.34,14.23,14.73,,,27.79,21.41,20.12,-0.04,0.99,1.09,-31.6,-21.7,-21.7,-21.7,APAC,Japan,Developed_APAC
A2H58Y,TPHG,38785031.0,Amundi Japan Topix UCITS ETF Daily Hedged GBP,2015-10-06,3489,9.558904109589042,Long-only,Luxembourg,GBP,True,False,Accumulating,0.48,Swap based Unfunded,6.0,False,,-4.32,3.25,-5.19,-3.37,1.87,1.87,60.49,119.79,24.42,33.26,-2.52,11.26,,,28.16,20.24,18.83,0.07,0.84,0.91,-33.99,-24.6,-24.6,-24.6,APAC,Japan,Developed_APAC
A2JFJT,8R80,37749020.0,Amundi MSCI Japan SRI Climate Paris Aligned UCITS ETF DR - CHF Hedged (C),2015-07-21,3566,9.76986301369863,Long-only,Luxembourg,CHF,True,False,Accumulating,0.2,Full replication,4.0,True,36.0,-1.57,1.01,-0.86,-1.96,-0.03,1.77,35.76,76.36,3.26,24.22,0.16,8.39,,,22.49,19.65,18.74,0.08,0.55,0.64,-25.13,-15.44,-15.44,-16.12,APAC,Japan,Developed_APAC
A2H59B,JPHC,38785075.0,Amundi ETF JPX Nikkei 400 UCITS ETF Daily Hedged CHF,2016-01-29,3374,9.243835616438355,Long-only,Luxembourg,CHF,True,False,Accumulating,0.18,Swap based Unfunded,4.0,False,,-3.25,2.13,-3.03,-3.1,0.55,2.33,64.41,119.33,14.17,34.71,6.29,7.77,,,25.23,19.7,18.72,0.09,0.91,0.91,-24.47,-19.79,-19.79,-19.79,APAC,Japan,Developed_APAC
A12GMT,XDNU,28941550.0,Xtrackers MSCI Japan Screened UCITS ETF 4C - USD Hedged,2015-07-31,3556,9.742465753424655,Long-only,Ireland,USD,True,True,Accumulating,0.25,Full replication,4.0,True,178.0,-10.89,2.76,-8.23,-11.08,-1.5,-6.16,55.29,107.05,26.62,27.33,8.76,12.93,,,30.07,21.96,20.12,-0.2,0.72,0.78,-25.76,-25.76,-25.76,-25.76,APAC,Japan,Developed_APAC
A3C9EU,SPF6,115597128.0,SPDR MSCI Japan Climate Paris Aligned UCITS ETF JPY Unhedged,2022-03-04,1148,3.1452054794520548,Long-only,Ireland,JPY,False,False,Accumulating,0.12,Full replication,4.0,True,52.0,-3.1,2.18,-2.09,-5.19,-1.5,-4.78,7.35,,-0.44,9.13,,,,,19.99,17.72,,-0.24,0.13,,-17.03,-14.59,-17.03,,APAC,Japan,Developed_APAC
DBX0TJ,XCJD,124275138.0,Xtrackers MSCI Japan Climate Transition UCITS ETF 1D,2023-01-25,821,2.249315068493151,Long-only,Ireland,USD,False,False,Distributing,0.15,Full replication,4.0,True,121.0,-2.87,1.15,-3.59,-4.62,1.99,-2.75,,,3.55,,,,1.65,1.58,25.6,,,-0.11,,,-17.56,-16.68,,,APAC,Japan,Developed_APAC
A2H59A,JPHG,38785067.0,Amundi JPX Nikkei 400 UCITS ETF Daily Hedged GBP,2015-05-28,3620,9.917808219178085,Long-only,Luxembourg,GBP,True,False,Accumulating,0.18,Swap based Unfunded,3.0,False,,-4.42,2.75,-5.36,-3.54,0.86,1.82,62.05,124.75,24.99,34.0,-2.54,11.33,,,27.94,20.18,18.83,0.07,0.86,0.93,-32.53,-24.97,-24.97,-24.97,APAC,Japan,Developed_APAC
A3DNJF,AHYZ,119719107.0,Amundi MSCI Japan ESG Broad Transition UCITS ETF - Hedged EUR (C),2022-08-23,976,2.673972602739726,Long-only,Luxembourg,EUR,True,False,Accumulating,0.2,Full replication,2.0,True,176.0,-2.91,2.55,-4.65,-4.68,2.78,-1.68,,,15.28,27.74,,,,,26.99,,,-0.06,,,-22.72,-22.72,,,APAC,Japan,Developed_APAC
A14X36,JPSRU,30069006.0,UBS ETF (LU) MSCI Japan Socially Responsible UCITS ETF (hedged to USD) A-acc,2016-06-06,3245,8.89041095890411,Long-only,Luxembourg,USD,True,False,Accumulating,0.22,Full replication,2.0,True,60.0,-9.24,4.06,-8.92,-10.71,-1.09,3.0,47.93,88.98,27.17,20.97,6.55,8.14,,,28.33,20.79,19.16,-0.01,0.62,0.68,-23.08,-22.68,-22.68,-22.68,APAC,Japan,Developed_APAC
A406Q9,JCTD,133332356.0,iShares MSCI Japan Climate Transition Aware UCITS ETF USD (Dist),2024-06-11,318,0.8712328767123287,Long-only,Ireland,USD,False,False,Distributing,0.15,Full replication,2.0,True,124.0,-6.37,0.26,-8.17,-7.06,-0.98,,,,,,,,,,,,,,,,-18.63,,,,APAC,Japan,Developed_APAC
A40C8B,EJAPU,134670232.0,BNP Paribas Easy MSCI Japan ESG Filtered Min TE UCITS ETF USD,2024-04-19,371,1.0164383561643835,Long-only,Luxembourg,USD,False,False,Accumulating,0.16,Full replication,1.0,True,182.0,-4.13,2.91,-6.34,-5.57,2.26,-0.49,,,,,,,,,26.56,,,-0.02,,,-17.61,-17.61,,,APAC,Japan,Developed_APAC
A3DQMR,JJEC,120129643.0,JPMorgan Japan Research Enhanced Index Equity (ESG) UCITS ETF CHF Hedged (acc),2022-08-09,990,2.712328767123288,"Long-only, Active",Ireland,CHF,True,False,Accumulating,0.25,Full replication,1.0,True,129.0,-5.52,1.21,-4.6,-5.9,-0.87,-0.53,,,14.81,35.56,,,,,27.4,,,-0.07,,,-20.9,-20.9,,,APAC,Japan,Developed_APAC
A2DVG4,OP5E,39233070.0,Ossiam Bloomberg Japan PAB NR UCITS ETF 1C (EUR),2017-11-14,2719,7.449315068493151,Long-only,Luxembourg,EUR,False,False,Accumulating,0.19,Full replication,1.0,True,85.0,-1.7,2.51,-4.0,-4.08,1.77,-0.54,18.9,34.85,6.13,11.31,-7.43,2.05,,,22.94,18.64,17.44,-0.02,0.32,0.35,-21.77,-16.02,-16.02,-19.43,APAC,Japan,Developed_APAC
A2DVG5,OP5H,39233072.0,Ossiam Bloomberg Japan PAB NR UCITS ETF H1C (EUR Hedged),2017-11-14,2719,7.449315068493151,Long-only,Luxembourg,EUR,True,False,Accumulating,0.25,Full replication,1.0,True,85.0,-2.68,2.9,-4.24,-4.68,1.74,-0.6,47.97,96.45,15.03,26.82,-0.41,4.09,,,24.78,19.71,18.66,-0.02,0.71,0.77,-30.99,-20.75,-20.75,-20.75,APAC,Japan,Developed_APAC
A3DKJ4,JARG,118356015.0,Amundi MSCI Japan SRI Climate Paris Aligned UCITS ETF DR - GBP (D),2022-06-01,1059,2.9013698630136986,Long-only,Luxembourg,GBP,False,False,Distributing,0.12,Full replication,1.0,True,36.0,-0.69,1.71,-1.65,-1.79,1.85,-0.13,,,-1.2,4.46,,,1.52,1.49,22.53,,,-0.01,,,-16.44,-15.68,,,APAC,Japan,Developed_APAC
A3ENLE,FJPI,128550037.0,Fidelity Japan Equity Research Enhanced UCITS ETF INC-JPY,2023-07-26,639,1.7506849315068491,"Long-only, Active",Ireland,JPY,False,False,Distributing,0.25,Full replication,1.0,True,141.0,-3.9,2.78,-3.58,-3.9,2.31,-4.25,,,9.07,,,,0.95,0.9,25.36,,,-0.17,,,-18.45,-17.41,,,APAC,Japan,Developed_APAC
A40JU4,JCPG,,Janus Henderson Tabula Japan High Conviction Equity UCITS ETF JPY Acc,2024-10-16,191,0.5232876712328767,"Long-only, Active",Ireland,JPY,False,False,Accumulating,0.49,Full replication,,True,,0.0,2.0,-3.77,0.0,4.08,,,,,,,,,,,,,,,,-16.67,,,,APAC,Japan,Developed_APAC
A2DWP8,AUAD,22896454.0,UBS ETF (IE) MSCI Australia UCITS ETF (AUD) A-dis,2017-09-18 00:00:00,2776,7.605479452054794,Long-only,Ireland,AUD,False,True,Distributing,0.4,Full replication,301.0,False,54.0,-3.53,2.9,0.62,-8.65,-6.81,-1.18,3.83,71.76,2.82,7.47,6.24,10.16,3.75,3.58,17.55,17.35,17.37,-0.07,0.07,0.66,-39.35,-20.04,-20.04,-20.04,APAC,Australia,Developed_APAC
A0YJ80,SAUS,10954070.0,iShares MSCI Australia UCITS ETF,2010-01-22 00:00:00,5572,15.265753424657534,Long-only,Ireland,USD,False,True,Accumulating,0.5,Full replication,279.0,False,54.0,-3.42,2.92,0.77,-8.81,-6.51,-0.94,4.36,71.3,2.31,8.11,5.69,10.37,,,18.27,17.44,18.07,-0.05,0.08,0.63,-39.76,-20.28,-20.28,-20.28,APAC,Australia,Developed_APAC
A1W5DD,AUST,22374953.0,UBS ETF (IE) MSCI Australia UCITS ETF (AUD) A-acc,2013-09-30 00:00:00,4225,11.575342465753424,Long-only,Ireland,AUD,False,True,Accumulating,0.4,Full replication,181.0,False,54.0,-3.65,2.73,0.48,-8.75,-6.94,-1.29,3.71,71.71,2.9,7.48,6.22,10.22,,,17.64,17.21,17.25,-0.07,0.07,0.66,-39.39,-20.05,-20.05,-20.05,APAC,Australia,Developed_APAC
A3DTWE,AUESG,121623695.0,UBS ETF (IE) MSCI Australia ESG Universal Low Carbon Select UCITS ETF (AUD) A-acc,2023-04-20 00:00:00,736,2.016438356164384,Long-only,Ireland,AUD,False,False,Accumulating,0.43,Full replication,152.0,True,46.0,-4.37,2.02,0.0,-9.65,-6.67,0.26,,,6.03,,,,,,17.31,,,-0.11,,,-19.63,-19.63,,,APAC,Australia,Developed_APAC
LYX0FU,LAUU,11127111.0,Amundi Australia S&P/ASX 200 UCITS ETF Dist,2010-03-26 00:00:00,5509,15.093150684931508,Long-only,Luxembourg,EUR,False,False,Distributing,0.4,Swap based Unfunded,87.0,False,,-3.48,2.62,0.08,-8.48,-6.51,-0.64,1.75,68.15,2.5,6.62,3.26,10.46,4.19,4.01,17.28,17.04,17.21,-0.04,0.03,0.64,-39.99,-19.72,-19.72,-19.72,APAC,Australia,Developed_APAC
DBX1A2,XAUS,3614418.0,Xtrackers S&P/ASX 200 UCITS ETF 1D,2008-01-17 00:00:00,6308,17.28219178082192,Long-only,Luxembourg,AUD,False,True,Distributing,0.5,Full replication,54.0,False,200.0,-3.35,2.56,0.09,-8.81,-6.96,-1.2,0.91,66.9,2.33,5.68,3.42,10.91,3.22,3.09,17.43,17.35,17.34,-0.07,0.02,0.62,-50.0,-19.86,-19.86,-19.86,APAC,Australia,Developed_APAC
A140DW,AUHCHA,29705502.0,UBS ETF (IE) MSCI Australia UCITS ETF (hedged to CHF) A-acc,2015-11-27 00:00:00,3437,9.416438356164385,Long-only,Ireland,CHF,True,True,Accumulating,0.43,Full replication,34.0,False,54.0,0.51,0.99,4.44,-2.97,-0.93,6.08,26.02,85.94,1.17,15.23,11.43,12.13,,,12.56,13.32,14.36,0.43,0.59,0.9,-25.96,-11.47,-11.47,-11.47,APAC,Australia,Developed_APAC
A140D2,AUHUSA,29706046.0,UBS ETF (IE) MSCI Australia UCITS ETF (hedged to USD) A-acc,2015-09-30 00:00:00,3495,9.575342465753424,Long-only,Ireland,USD,True,True,Accumulating,0.43,Full replication,32.0,False,54.0,-7.56,2.07,-2.18,-11.18,-4.04,0.15,23.2,82.92,14.08,10.01,15.83,17.66,,,13.87,13.15,14.22,-0.15,0.49,0.87,-27.08,-15.65,-15.65,-15.65,APAC,Australia,Developed_APAC
A140DY,AUHEUA,29706027.0,UBS ETF (IE) MSCI Australia UCITS ETF (hedged to EUR) A-acc,2015-11-27 00:00:00,3437,9.416438356164385,Long-only,Ireland,EUR,True,True,Accumulating,0.43,Full replication,25.0,False,54.0,1.07,2.44,2.91,-2.91,0.95,5.26,21.35,76.84,5.57,10.9,6.43,7.51,,,12.87,13.13,14.2,0.32,0.47,0.81,-28.45,-10.73,-10.82,-11.71,APAC,Australia,Developed_APAC
A140D0,AUGA,29706036.0,UBS ETF (IE) MSCI Australia UCITS ETF (hedged to GBP) A-acc,2015-11-27 00:00:00,3437,9.416438356164385,Long-only,Ireland,GBP,True,True,Accumulating,0.43,Full replication,4.0,False,54.0,-0.44,3.04,1.81,-3.13,-0.08,8.55,24.99,90.76,11.98,14.72,1.95,15.79,,,13.5,13.06,14.0,0.63,0.59,0.98,-35.73,-13.08,-13.08,-13.92,APAC,Australia,Developed_APAC
